,id,date,raw_txt,clean_tweets,sentiment,sentiment_continuous,BelongsTo
12,1464009755064561671,2021-11-25 23:15:00+00:00,Is It Time To Short High-Growth Stocks Amid Rising Treasury Yields? $PYPL $ZM $AAPL $COIN $MSFT https://t.co/3kTjXZGDhH,time short highgrowth stocks amid rising treasury yields pypl zm aapl coin msft,neutral,0.0,AAPL
64,1463333199296139267,2021-11-24 02:26:36+00:00,"Cathie Wood Sells Another $156M In Tesla On Tuesday And Buys The Dip In Zoom And This Stock $TSLA $ZM $HOOD $FB

https://t.co/mwaU42zKIw",cathie wood sells another 156m tesla tuesday buys dip zoom stock tsla zm hood fb,neutral,0.0,FB
78,1463192225542815746,2021-11-23 17:06:26+00:00,"Talking $KTTA stock + $SEAH Interview live now!!

@chriskatje $SPY $ZM $TSLA $AAPL
https://t.co/dwyQTu3odZ",talking ktta stock seah interview live spy zm tsla aapl,positive,0.13636363636363635,AAPL
96,1462995197814476807,2021-11-23 04:03:30+00:00,"'This Is How You Pump A SPAC, Son:' Google Shows Meme Featuring Trump, Ackman Instead Of Logo On DWAC Page $DWAC $GOOGL $GOOG $PSTH

https://t.co/akHchn81Go",pump spac google shows meme featuring trump ackman instead logo dwac page dwac googl goog psth,neutral,0.0,GOOGL
97,1462982959212814343,2021-11-23 03:14:53+00:00,"Cathie Wood Continues Profit-Booking In Tesla, Selling Another $210M Shares On Monday — Here Are The Other Key Trades $TSLA $FB $PLTR $COIN $DKNG

https://t.co/0eJzwfLIby",cathie wood continues profitbooking tesla selling another 210m shares monday key trades tsla fb pltr coin dkng,neutral,0.0,FB
100,1462945240671834115,2021-11-23 00:45:00+00:00,Can Apple Close Above The All-Time Highs This Week? Option Analysis $AAPL https://t.co/FJyHEo2Zbe,apple close alltime highs week option analysis aapl,positive,0.16,AAPL
102,1462937690907680771,2021-11-23 00:15:00+00:00,10 Weirdest Charlie Brown Parodies Of All Time $AAPL $FB https://t.co/TrYl2r6MIk #ACharlieBrownThanksgiving,10 weirdest charlie brown parodies time aapl fb acharliebrownthanksgiving,neutral,0.0,AAPL
111,1462859354139471880,2021-11-22 19:03:43+00:00,"Christmas Rush: Apple Customers In Asia Can Expect To Face Longer Waits For iPads, iPhones $AAPL @Apple @IBKR_TI 
https://t.co/GViyB0wkXO",christmas rush apple customers asia expect longer waits ipads iphones aapl,neutral,0.0,AAPL
141,1462733593227137027,2021-11-22 10:43:59+00:00,"Bitcoin Finds Takers, Tesla Lawsuit, Apple Workers' Rights, Avalanche Vs. Dogecoin, Elon Musk Vs. White House: 5 Headlines You May Have Missed From This Weekend $BTC $AAPL $AVAX $DOGE $TSLA

https://t.co/HhWPbrY6xU",bitcoin finds takers tesla lawsuit apple workers rights avalanche vs dogecoin elon musk vs white house 5 headlines may missed weekend btc aapl avax doge tsla,positive,0.14285714285714285,AAPL
153,1462485294649851914,2021-11-21 18:17:20+00:00,#Ghostbusters ‘Afterlife' Reigns At US Weekend Box Office With $44M In Ticket Sales $SONY $T $DIS $AAPL https://t.co/kdsZETQ1r6,ghostbusters afterlife reigns us weekend box office 44m ticket sales sony dis aapl,neutral,0.0,AAPL
186,1461802625184239617,2021-11-19 21:04:39+00:00,"Super League Gaming $SLGG Is Ready for the #Metaverse 👾 Why? Find out why LIVE now!

LINK: https://t.co/6zxkDvz1IQ https://t.co/xgaeGA90KE",super league gaming slgg ready metaverse find live link,positive,0.023232323232323215,FB
233,1461488139470446596,2021-11-19 00:15:00+00:00,Nike Betting On The Metaverse With #Nikeland In Roblox: What Investors Should Know $NKE $RBLX $FB https://t.co/50PFfbfilU,nike betting metaverse nikeland roblox investors know nke rblx fb,neutral,0.0,FB
355,1460460384322613252,2021-11-16 04:11:04+00:00,"Cathie Wood Buys $13.7M In Disney And Sells $7.95M In Google On Monday — Here Are Other Key Trades $DIS $GOOG $HOOD $U $DKNG

https://t.co/e28pVTGc0l",cathie wood buys 137m disney sells 795m google monday key trades dis goog hood dkng,neutral,0.0,GOOGL
372,1460210476776771586,2021-11-15 11:38:01+00:00,"Robot-Run ETF Of Tesla Fame Cuts Amazon, Target Stakes And Bets On PayPal, Moderna And These Stocks $TSLA $AMZN $TGT $PYPL $MRNA

https://t.co/BdWeCnM1vu",robotrun etf tesla fame cuts amazon target stakes bets paypal moderna stocks tsla amzn tgt pypl mrna,neutral,0.0,AMZN
376,1459994743010639881,2021-11-14 21:20:46+00:00,We're giving away $500 worth of $SHIB once our Facebook reaches 50k followers Go follow for a chance to win #ShibaArmy! https://t.co/HpYM60ZW12,giving away 500 worth shib facebook reaches 50k followers go follow chance win shibaarmy,positive,0.55,FB
393,1459230519619686404,2021-11-12 18:44:01+00:00,"We asked what #cryptocurrency $AAPL CEO @tim_cook owns.

$BTC, $ETH, $DOGE, or $SHIB

Here's what you said: https://t.co/mz7nHCdbp2 https://t.co/zZRcg1fHTY",asked cryptocurrency aapl ceo owns btc eth doge shib heres said,positive,0.6,AAPL
481,1458569849035272192,2021-11-10 22:58:45+00:00,"How long till the next server outage? $GOOGL, $MSFT, $AMZN, $FB

https://t.co/VuDSI2bpLc",long next server outage googl msft amzn fb,negative,-0.025,AMZN
508,1458305174829617155,2021-11-10 05:27:02+00:00,"Elon Musk Loses Record $50B Wealth In 2 Days As Tesla Stock Crashes Following Twitter Poll $TSLA $AMZN

https://t.co/l3ZOQxX7wl",elon musk loses record 50b wealth 2 days tesla stock crashes following twitter poll tsla amzn,neutral,0.0,AMZN
528,1458187012754845697,2021-11-09 21:37:30+00:00,"We're giving away $500 worth of $SHIB once our Facebook reaches 50k followers👀 Go follow for a chance to win #ShibaArmy!
https://t.co/gcH5ugoMxf",giving away 500 worth shib facebook reaches 50k followers go follow chance win shibaarmy,positive,0.55,FB
562,1458118265062973440,2021-11-09 17:04:19+00:00,"Apple CEO @tim_cook  said he owns some Cryptocurrency. Which do you think he owns the most of? 

$BTC $ETH $DOGE $SHIB $AAPL | #dogecoin #shibainu",apple ceo said owns cryptocurrency think owns btc eth doge shib aapl dogecoin shibainu,positive,0.6,AAPL
587,1458051358905483264,2021-11-09 12:38:27+00:00,"🚨 $500 SHIB Giveaway! 🚨

We're only 10K FB followers away from our goal &amp; winner announcement!
Don't forget that we are giving out some #SHIB hats as well, starting this week!

Enter now 👇https://t.co/7y1wtopFpV
$SHIB #shibainu #ShibainuCoin https://t.co/od7BVJH4vf",500 shib giveaway 10k fb followers away goal amp winner announcement dont forget giving shib hats well starting week enter shib shibainu shibainucoin,neutral,0.0,FB
593,1457964224827695104,2021-11-09 06:52:13+00:00,"Bitcoin Is Now Bigger Than Tesla Again As It Hits Fresh All-Time High — These Companies Are The Next Targets $BTC $TSLA $AMZN $FB $AAPL

https://t.co/jQmP7kQboU",bitcoin bigger tesla hits fresh alltime high companies next targets btc tsla amzn fb aapl,positive,0.11499999999999999,AMZN
596,1457869293991858178,2021-11-09 00:35:00+00:00,The Rivian IPO: What You Need To Know $RIVN $F $AMZN https://t.co/FK9kxlecrK,rivian ipo need know rivn f amzn,neutral,0.0,AMZN
610,1457756762988335110,2021-11-08 17:07:50+00:00,"As of publication time, Benzinga has been unable to confirm whether or not @LeoDiCaprio's Amazon Prime membership has been revoked. @JeffBezos 

https://t.co/EUAWX9zvIX",publication time benzinga unable confirm whether amazon prime membership revoked,neutral,0.0,AMZN
617,1457726776810086403,2021-11-08 15:08:41+00:00,"Why $AAPL #Apple could be set for a blue sky run

You Ask: @8WesWood8 @vlad_lyashchuk
We Analyze👇
https://t.co/0P9RbQJCTp",aapl apple could set blue sky run ask analyze,neutral,0.0,AAPL
627,1457667464322453505,2021-11-08 11:13:00+00:00,"This OTC Automaker Stock Riding EV Momentum Has Better 1-Year Returns Than Apple, Nio And GM $VWAGY $AAPL $NIO $GM

https://t.co/zsHHR7WXwL",otc automaker stock riding ev momentum better 1year returns apple nio gm vwagy aapl nio gm,positive,0.5,AAPL
628,1457663009711554567,2021-11-08 10:55:18+00:00,"Elon Musk's Twitter Poll, Apple Hires Tesla Exec, Disney 'Eternals' $71M Opening, Ethereum ATH, Bezos' Stock Sale: 5 Headlines You May Have Missed From This Weekend $TSLA $AAPL $ETH $DIS $AMZN

https://t.co/w3PhUAO8Pt",elon musks twitter poll apple hires tesla exec disney eternals 71m opening ethereum ath bezos stock 5 headlines may missed weekend tsla aapl eth dis amzn,neutral,0.0,AMZN
635,1457483249656156163,2021-11-07 23:01:00+00:00,Disney Rakes In $71M With #Eternals Opening Weekend $DIS $T $NFLX  https://t.co/6T65wN3WO2,disney rakes 71m eternals opening weekend dis nflx,neutral,0.0,NFLX
685,1456474585298206721,2021-11-05 04:12:55+00:00,"Cathie Wood Sells Another $32M In Tesla And Loads Up On Facebook And This Sports Betting Stock $TSLA $FB $DKNG $ARKK

https://t.co/YFCMT7PzkP",cathie wood sells another 32m tesla loads facebook sports betting stock tsla fb dkng arkk,neutral,0.0,FB
688,1456417225787674638,2021-11-05 00:25:00+00:00,Nvidia Analyst Hikes Price Target By 30% On $10B Opportunity Presented By The Metaverse $NVDA https://t.co/4cLjhhf1bG,nvidia analyst hikes price target 30 10b opportunity presented metaverse nvda,neutral,0.0,FB
705,1456281991326875657,2021-11-04 15:27:37+00:00,"Top 3 Bullish Options Flow 

$AMZN
$AMD
$GOOGL",top 3 bullish options flow amzn amd googl,positive,0.5,AMZN
715,1456085619902324736,2021-11-04 02:27:19+00:00,"Want To Buy Into Rivian IPO Early? SoFi Is Offering Early Access To Customers $SOFI $RIVN $F $AMZN

https://t.co/zipJU9VTNm",buy rivian ipo early sofi offering early access customers sofi rivn f amzn,neutral,0.0,AMZN
759,1455682383802294280,2021-11-02 23:45:00+00:00,What Does The Creator Of Term 'Metaverse' Think Of Facebook's Name Change? $FB https://t.co/EtXGwTtm6P,creator term metaverse think facebooks change fb,neutral,0.0,FB
799,1455483820350717952,2021-11-02 10:35:59+00:00,"Apple Said To Be Shrinking iPad Production In Favor Of iPhone, Forced By Component Shortages $AAPL

https://t.co/LL6MQbXvkx",apple said shrinking ipad production favor iphone forced component shortages aapl,neutral,0.0,AAPL
803,1455394106553688072,2021-11-02 04:39:29+00:00,"Wait...Has Elon Musk Really — Finally — Joined Facebook? $TSLA $FB $BTC

https://t.co/gXh02cO4Tp",waithas elon musk really finally joined facebook tsla fb btc,neutral,0.0,FB
806,1455308492693295109,2021-11-01 22:59:17+00:00,#SHIB #SHIBARMY #Meta Shiba Inu and what the Metaverse means for Crypto. Join here to watch:  https://t.co/CgzsOf8F4l,shib shibarmy meta shiba inu metaverse means crypto join watch,negative,-0.3125,FB
810,1455291679850864641,2021-11-01 21:52:29+00:00,Elon Musk Is Now Worth More Than Jeff Bezos And Mark Zuckerberg Combined $TSLA $AMZN $FB https://t.co/wBXRnHN4Vs https://t.co/s0DXAKDaIl,elon musk worth jeff bezos mark zuckerberg combined tsla amzn fb,positive,0.3,AMZN
835,1455122268661567495,2021-11-01 10:39:18+00:00,"GameStop COO, Dogelon Mars Surge, Snowden On Shiba Inu, J&amp;J Settlement, Cathie Wood's FB Bet: 5 Headlines You May Have Missed From This Weekend $GME $DOGE $SHIB $JNJ $ELON $FB

https://t.co/H6ExFCdI1a",gamestop coo dogelon mars surge snowden shiba inu jampj settlement cathie woods fb bet 5 headlines may missed weekend gme doge shib jnj elon fb,neutral,0.0,FB
838,1455003015950200835,2021-11-01 02:45:26+00:00,"Cathie Wood Snaps Up $63.8M In Facebook As Social Media Giant Sets Metaverse Ambitions $FB $BLDE $PTON

https://t.co/qbz0Xwe2Qh",cathie wood snaps 638m facebook social media giant sets metaverse ambitions fb blde pton,positive,0.016666666666666666,FB
842,1454833037527732224,2021-10-31 15:30:00+00:00,"Benzinga's Bulls And Bears Of The Week: Apple, Coca-Cola, Facebook, Microsoft And More $AAPL $MSFT $KO $FB https://t.co/RnT4MTyN2i",benzingas bulls bears week apple cocacola facebook microsoft aapl msft fb,neutral,0.0,AAPL
846,1454444616552484873,2021-10-30 13:46:33+00:00,"Metaverse is cool and all, but did any of you ever play Runescape? 

Mining 99/99 ⛏️",metaverse cool ever play runescape mining 9999,positive,0.35,FB
850,1454240382280110084,2021-10-30 00:15:00+00:00,"#SquidGame Season 2 Talks Confirmed By Director, But Here's Why He's Not In A Rush $NFLX https://t.co/mwQB1DXiQ7",squidgame season 2 talks confirmed director heres hes rush nflx,neutral,0.0,NFLX
852,1454238376928944128,2021-10-30 00:07:02+00:00,"Cathie Wood's $ARKW made two moves today.

- Bought 197,259 shares of $FB 
- Sold 488,016 shares of $PTON 

Do you agree with the moves?",cathie woods arkw made two moves today bought 197259 shares fb sold 488016 shares pton agree moves,neutral,0.0,FB
858,1454210572782903300,2021-10-29 22:16:33+00:00,"So this happened today🤯

$MSFT $AAPL https://t.co/ErvjbrQF4B",happened today msft aapl,neutral,0.0,AAPL
859,1454210183115116547,2021-10-29 22:15:00+00:00,Microsoft Surpasses Apple And Is Now The World's Most Valuable Public Company $MSFT $AAPL https://t.co/f3vFV3hlAz,microsoft surpasses apple worlds valuable public company msft aapl,neutral,0.0,AAPL
865,1454123187080413196,2021-10-29 16:29:18+00:00,"Facebook rebrands as @Meta: what investors should know about the new name, ticker, &amp; vision | @IBKR_TI 
https://t.co/W8wI9BisoF https://t.co/jMkbNX7OZN",facebook rebrands investors know new ticker amp vision,positive,0.13636363636363635,FB
886,1453891337460277261,2021-10-29 01:08:01+00:00,I’ve never Meta anyone that didn’t poke their crush on Facebook only to never get poked back 😭,ive never meta anyone didnt poke crush facebook never get poked back,neutral,0.0,FB
891,1453852828905218052,2021-10-28 22:35:00+00:00,"Facebook Rebrands As Meta: What Investors Should Know About New Name, Ticker And Vision $FB https://t.co/Rb3bn3oXVi",facebook rebrands meta investors know new ticker vision fb,positive,0.13636363636363635,FB
892,1453838173117816836,2021-10-28 21:36:46+00:00,Apple Q4 Revenues Miss Estimates As Supply Chain Issues Eat Into iPhone Sales $AAPL https://t.co/HFjM1SCV5p,apple q4 revenues miss estimates supply chain issues eat iphone sales aapl,neutral,0.0,AAPL
893,1453823686683807751,2021-10-28 20:39:12+00:00,"Amazon Q3 Earnings Takeaways : Revenue Miss, Weak Guidance Sends Stock Down $AMZN https://t.co/Kfo1YGYG58",amazon q3 earnings takeaways revenue miss weak guidance sends stock amzn,negative,-0.375,AMZN
896,1453792477194956803,2021-10-28 18:35:11+00:00,Facebook $FB To Start Trading Under Ticker 'MVRS' Starting Dec. 1,facebook fb start trading ticker mvrs starting dec 1,neutral,0.0,FB
897,1453791023331790848,2021-10-28 18:29:24+00:00,The new #Facebook $FB https://t.co/AdjIsxVaLr,new facebook fb,positive,0.13636363636363635,FB
960,1453383041158627340,2021-10-27 15:28:14+00:00,"Trump Media &amp; Tech Group is merging with $DWAC 

$TWTR $NFLX $DIS $IHRT $FB 
https://t.co/UTgAiD93k2",trump media amp tech group merging dwac twtr nflx dis ihrt fb,neutral,0.0,FB
982,1453204890038136833,2021-10-27 03:40:19+00:00,"Twitter Says Impact Of Apple's Privacy Protections On Revenue 'Lower Than Expected' $TWTR $AAPL

https://t.co/Psuw7sLtu3",twitter says impact apples privacy protections revenue lower expected twtr aapl,neutral,0.0,AAPL
985,1453123019967111178,2021-10-26 22:15:00+00:00,Should Students Dress As #SquidGame Characters For Halloween? Some Schools Don't Think So $NFLX https://t.co/G864RXFoQM,students dress squidgame characters halloween schools dont think nflx,neutral,0.0,NFLX
991,1453036199266947081,2021-10-26 16:30:00+00:00,Facebook Analysts Break Down Q3 Earnings: 'Big Investments For A Big Vision' $FB https://t.co/9uvoCm8j2R,facebook analysts break q3 earnings big investments big vision fb,neutral,0.0,FB
1002,1452738251744321547,2021-10-25 20:46:04+00:00,"Facebook Q3 Earnings Takeaways: Revenue Miss, Weak Guidance, New Names For 2 Units $FB https://t.co/XjnFZ79lZw",facebook q3 earnings takeaways revenue miss weak guidance new names 2 units fb,negative,-0.11931818181818182,FB
1017,1452576272689684483,2021-10-25 10:02:25+00:00,"Walmart Is Offering $9.95 Back To New Subscribers Of Plus Service Today, In Apparent Dig At Amazon $WMT $AMZN

https://t.co/n78P6Yjtbo",walmart offering 995 back new subscribers plus service today apparent amazon wmt amzn,positive,0.06818181818181818,AMZN
1018,1452533831693586435,2021-10-25 07:13:46+00:00,"Apple Co-Founder Steve Jobs' Handwritten Letter To Friend Expected To Fetch Up To $300,000 In Auction $AAPL 

https://t.co/TlSe0MCFXZ",apple cofounder steve jobs handwritten letter friend expected fetch 300000 auction aapl,neutral,0.0,AAPL
1020,1452521968700248065,2021-10-25 06:26:38+00:00,"Facebook Whistleblower Says She is Fine Financially Because Of Buying Crypto 'At The Right Time' $FB

https://t.co/MO9pLpIahg",facebook whistleblower says fine financially buying crypto right time fb,positive,0.35119047619047616,FB
1022,1452498592623591429,2021-10-25 04:53:45+00:00,"Why This Apple Expert Thinks Latest AirPods Are 'Better Buy' Than AirPods Pro $AAPL

https://t.co/LVVLVlvy39",apple expert thinks latest airpods better buy airpods pro aapl,positive,0.5,AAPL
1035,1452281224102174720,2021-10-24 14:30:00+00:00,Hunting For Scary Movies To Watch This Halloween? Here Are 5 Top-Notch Japanese Horror Films To Consider $NFLX https://t.co/j5NNI6t5JO,hunting scary movies watch halloween 5 topnotch japanese horror films consider nflx,neutral,0.0,NFLX
1037,1452088704022061057,2021-10-24 01:45:00+00:00,.@TedLasso Mentions #Bitcoin In Finale: Here Was The First Mainstream Show To Mention The Cryptocurrency $VIAC $AAPL $FOX https://t.co/ue4RQhf7ZH,mentions bitcoin finale first mainstream show mention cryptocurrency viac aapl fox,positive,0.125,AAPL
1038,1452073604619796481,2021-10-24 00:45:00+00:00,Here's The First Peek At Jeff Bezos' $500M Superyacht $AMZN https://t.co/UQ1Qp73XvD,heres first peek jeff bezos 500m superyacht amzn,positive,0.25,AMZN
1049,1451927643620708367,2021-10-23 15:05:00+00:00,"Benzinga's Bulls And Bears Of The Past Week: Disney, Facebook, Ford, Tesla And More $DIS $F $FB $TSLA https://t.co/PDWLeVk0pU",benzingas bulls bears past week disney facebook ford tesla dis f fb tsla,negative,-0.25,FB
1050,1451742332953501697,2021-10-23 02:48:38+00:00,"🚨Upcoming Earnings Report - Week of October 25th 🚨

$XOM $ABEV $AAPL $SBUX $MRK $CAT $AVT $ASX $BUD $AMZN $EBAY $GM $KO $MCD $F $BA $DB $BMY $BG $AMD $GE $GOOGL $TWTR $UPS $GOOG $MSFT $FB $SPY $QQQ 

⬇️FREE 2 Weeks of Benzinga Pro⬇️
👉https://t.co/wlnojT9I5T 👈 https://t.co/CK0ePFKejM",upcoming earnings report week october 25th xom abev aapl sbux mrk avt asx bud amzn ebay gm mcd f db bmy bg amd googl twtr ups goog msft fb spy qqq free 2 weeks benzinga pro,positive,0.4,AMZN
1052,1451718766513954816,2021-10-23 01:15:00+00:00,9 Corporate Logo Designs With Hidden Messages $AMZN $CSCO $FDX $TSLA $TM $GOOG $MDLZ $HSY $PEP https://t.co/DYNJ8IrPFV,9 corporate logo designs hidden messages amzn csco fdx tsla tm goog mdlz hsy pep,negative,-0.16666666666666666,AMZN
1083,1451369499786047491,2021-10-22 02:07:08+00:00,"Snapchat Takes Other Social Media Stocks Down With It On Apple Privacy Changes Warning: What You Should Know $SNAP $AAPL $FB $TWTR

https://t.co/UkUcHRVTz6",snapchat takes social media stocks apple privacy changes warning know snap aapl fb twtr,positive,0.03333333333333333,AAPL
1085,1451341279267229712,2021-10-22 00:15:00+00:00,What Will Be Facebook's New Name? Here Are The Betting Odds $FB $GOOG $TWTR https://t.co/J0haMpSiXw,facebooks new betting odds fb goog twtr,negative,-0.015151515151515152,FB
1086,1451326180162826240,2021-10-21 23:15:00+00:00,"Elon Musk Becomes $373M Richer After Tesla's Stock Rise, Far And Away The World's Wealthiest Person $TSLA $AMZN https://t.co/oQgiRAcomD",elon musk becomes 373m richer teslas stock rise far away worlds wealthiest person tsla amzn,positive,0.1,AMZN
1110,1451097805897052161,2021-10-21 08:07:31+00:00,"Is Tesla On Track To Deliver Apple-Like Gross Margins Amid China Demand Rebound? Bulls Munster And Ives React To Q3 Earnings $TSLA $AAPL

https://t.co/nWTfidCzNr",tesla track deliver applelike gross margins amid china demand rebound bulls munster ives react q3 earnings tsla aapl,neutral,0.0,AAPL
1114,1451006786241056771,2021-10-21 02:05:50+00:00,"Donald Trump Announces New Social Media Platform 'TRUTH Social:' All You Need To Know $DWAC $AAPL $TWTR #SPACs 

https://t.co/xQaGYMLrrY",donald trump announces new social media platform truth social need know dwac aapl twtr spacs,positive,0.06767676767676767,AAPL
1128,1450812962692808708,2021-10-20 13:15:39+00:00,What should Facebook $FB rename itself to?🤔,facebook fb rename,neutral,0.0,FB
1140,1450672988085526528,2021-10-20 03:59:27+00:00,"Facebook Plans To Rebrand Itself With New Name As Early As This Month: Report $FB

https://t.co/dyfDhLSgYE",facebook plans rebrand new early month report fb,positive,0.13636363636363635,FB
1145,1450562305738125313,2021-10-19 20:39:38+00:00,"Netflix Q3 Earnings Highlights: Subscriber Gain, Revenue Beat And A Mind-Boggling 'Squid Game' Metric $NFLX https://t.co/bKTDvCwyzf",netflix q3 earnings highlights subscriber gain revenue beat mindboggling squid game metric nflx,negative,-0.4,NFLX
1147,1450551756736417795,2021-10-19 19:57:43+00:00,"Will $NFLX trade close above $650 AH?

Current Price: $637.50",nflx trade close 650 ah current price 63750,neutral,0.0,NFLX
1164,1450428263298330636,2021-10-19 11:47:00+00:00,EXCLUSIVE: Healthcare Triangle $HCTI reports company has advanced to Google Cloud Premier Partner status,exclusive healthcare triangle hcti reports company advanced google cloud premier partner status,neutral,0.0,GOOGL
1166,1450423986395906054,2021-10-19 11:30:00+00:00,EXCLUSIVE: Healthcare Triangle reports company has advanced to Google Cloud Premier Partner Status $HCTI,exclusive healthcare triangle reports company advanced google cloud premier partner status hcti,neutral,0.0,GOOGL
1167,1450337570898911233,2021-10-19 05:46:37+00:00,"Apple Macbooks: Do You Know The Difference Between M1, M1 Pro And M1 Max Chips? $AAPL $INTC

https://t.co/HWsmXKcS2l",apple macbooks know difference m1 m1 pro m1 max chips aapl intc,neutral,0.0,AAPL
1197,1450133141692235787,2021-10-18 16:14:17+00:00,"Netflix $NFLX strong earnings from Squid Game?? 

https://t.co/pOb0P1u0MJ https://t.co/28BUAf0V6f",netflix nflx strong earnings squid game,positive,0.016666666666666635,NFLX
1222,1449975455629529093,2021-10-18 05:47:42+00:00,"Apple Supplier #Foxconn Unveils 3 EVs Including Sedan, SUV, Bus: What You Need To Know $HNHPF $AAPL $TSLA #Foxtron

https://t.co/Wvz34OPbzg",apple supplier foxconn unveils 3 evs including suv bus need know hnhpf aapl tsla foxtron,neutral,0.0,AAPL
1227,1449518015716941827,2021-10-16 23:30:00+00:00,What This Apple Bull Expects From Monday's 'Unleashed' Virtual Launch Event $AAPL https://t.co/BLPIyjiwR6,apple bull expects mondays unleashed virtual launch event aapl,neutral,0.0,AAPL
1230,1449465166828027904,2021-10-16 20:00:00+00:00,Enjoyed #SquidGame? Here Are 5 More Binge-Watch Worthy Korean Shows On Netflix $NFLX https://t.co/B0iShopNXk,enjoyed squidgame 5 bingewatch worthy korean shows netflix nflx,positive,0.4,NFLX
1234,1449394543544184846,2021-10-16 15:19:22+00:00,"Benzinga's Bulls And Bears Of The Week: Coinbase, Netflix, PayPal, Pfizer, Tesla And More $COIN $NFLX $PFE $PYPL $TSLA https://t.co/BanVBOfroJ",benzingas bulls bears week coinbase netflix paypal pfizer tesla coin nflx pfe pypl tsla,neutral,0.0,NFLX
1236,1449200926431105029,2021-10-16 02:30:00+00:00,"🚨Upcoming Earnings Report - Week of October 18th🚨

What positions are you holding?!

$T $CMG $INTC $BCS $BIIB $IBM $BKR $TSLA $ASML $NFLX $PG $JNJ $AMX $STX $HON $VLO $SAP $LUV $BX $FCX $AN $AAL $CSX $CMA $VZ 

⬇️FREE 2 WEEKS of Benzinga PRO⬇️

👉https://t.co/nsjcRvEF5h👈 https://t.co/HoVUpeSAgL",upcoming earnings report week october 18th positions holding cmg intc bcs biib ibm bkr tsla asml nflx pg jnj amx stx vlo sap luv bx fcx aal csx cma vz free 2 weeks benzinga pro,positive,0.4,NFLX
1280,1448805067373613067,2021-10-15 00:17:00+00:00,5 Things You Might Not Know About Facebook's Mark Zuckerberg $FB https://t.co/wpz3mBQgkI,5 things might know facebooks mark zuckerberg fb,neutral,0.0,FB
1305,1448644897653862401,2021-10-14 13:40:32+00:00,NexTech AR ($NEXCF) just announced a MAJOR deal in London for the mini-metaverse! Learn more here - https://t.co/wEXTTSGjle,nextech nexcf announced major deal london minimetaverse learn,positive,0.0625,FB
1326,1448430851927252993,2021-10-13 23:30:00+00:00,Why A $15 US Federal Minimum Wage May Be Just Around The Corner $WMT $RAD $MCD $AMZN https://t.co/0Nb5IjgNxZ,15 us federal minimum wage may around corner wmt mcd amzn,neutral,0.0,AMZN
1327,1448415753846378498,2021-10-13 22:30:00+00:00,Which Apple Chip Suppliers Will Face The Biggest Impact From #iPhone Production Cuts? $AAPL https://t.co/YXtHa0IzVq,apple chip suppliers biggest impact iphone production cuts aapl,neutral,0.0,AAPL
1351,1448176896961769475,2021-10-13 06:40:52+00:00,"BTS Teams Up With Casetify To Launch 'Butter' Accessories For iPhone, Nintendo Switch $AAPL $NTDOY

https://t.co/RPdk9IhJRl",bts teams casetify launch butter accessories iphone nintendo switch aapl ntdoy,neutral,0.0,AAPL
1403,1447686093781020680,2021-10-11 22:10:36+00:00,"Netflix's Co-CEO Dismisses Internal Complaints Over Dave Chappelle Special, Citing 'Artistic Freedom' In Comedy $NFLX https://t.co/gAosVACaxZ",netflixs coceo dismisses internal complaints dave chappelle special citing artistic freedom comedy nflx,positive,0.02857142857142858,NFLX
1406,1447656509932982274,2021-10-11 20:13:02+00:00,"$GOOG Google Leaks These Pixel 6 Features Ahead Of Launch
https://t.co/BfWqvnuWTu",goog google leaks pixel 6 features ahead launch,neutral,0.0,GOOGL
1413,1447642925094035461,2021-10-11 19:19:03+00:00,"Crypto influencers are heading to Dubai for #GulfBlockchainWeek2021... But more importantly... #CryptoFightNight with @RookieXBT vs @loomdart... Who are you betting on?

Moon or Bust w/ @MoirBrian, @logannross, &amp; @ryan15mcnamara
https://t.co/LakobiTefr https://t.co/UUmFlvLi7k",crypto influencers heading dubai gulfblockchainweek2021 importantly cryptofightnight vs betting moon bust w amp,neutral,0.0,FB
1435,1447515026374348800,2021-10-11 10:50:50+00:00,"Asia's Richest Person #MukeshAmbani Shells Out $1B For 2 Solar Deals In Major Push Toward Green Energy 

$FB $GOOGL $TSLA #Reliance

https://t.co/iQck4rEae6",asias richest person mukeshambani shells 1b 2 solar deals major push toward green energy fb googl tsla reliance,negative,-0.06875,FB
1447,1447037019117416456,2021-10-10 03:11:24+00:00,"This Robot-Run Large Cap ETF Has Shed Facebook Stake And Counts Tesla, Apple And These Stocks Among Top Holdings $TSLA $AAPL $FB
 
https://t.co/T58SEby12V",robotrun large cap etf shed facebook stake counts tesla apple stocks among top holdings tsla aapl fb,positive,0.5,AAPL
1459,1446599786208112642,2021-10-08 22:14:00+00:00,Hello Wisconsin: Netflix Grabs 'That '90s Show' Rights $NFLX https://t.co/fkzYKWt7NZ https://t.co/dH9k4haH2y,hello wisconsin netflix grabs 90s show rights nflx,positive,0.2857142857142857,NFLX
1502,1446469373879783452,2021-10-08 13:35:47+00:00,"What are the chances Zuck isn't $FB CEO in 2 years?
https://t.co/s2OLsdzkyA",chances zuck isnt fb ceo 2 years,neutral,0.0,FB
1511,1446436875896606728,2021-10-08 11:26:39+00:00,"This Robot-Run ETF Of Tesla Fame Sold Facebook Ahead Of Crash And Loaded Up On These Retail Stocks Instead $AMOM $FB $TGT $WMT $AMZN

https://t.co/xe71JEL08o",robotrun etf tesla fame sold facebook ahead crash loaded retail stocks instead amom fb tgt wmt amzn,neutral,0.0,AMZN
1550,1446070175766233091,2021-10-07 11:09:31+00:00,"$AMZN Amazon Twitch's Hack Update: Everything You Need To Know

https://t.co/VOvgrIVGO8",amzn amazon twitchs hack update everything need know,neutral,0.0,AMZN
1560,1445835713392504835,2021-10-06 19:37:51+00:00,"Who gained the most out of Facebook's outage?

$FB $SNAP $TWTR @IBKR_TI 
https://t.co/jYd2vkgrP6",gained facebooks outage fb snap twtr,neutral,0.0,FB
1562,1445831810785677312,2021-10-06 19:22:20+00:00,"Clearly the most important news of the day... Android is returning to tradition and naming Android 12's OS system Snow Cone🍦

$GOOG $GOOGL $AAPL
https://t.co/I22aAi6XRo",clearly important news day android returning tradition naming android 12s system snow cone goog googl aapl,neutral,0.0,AAPL
1565,1445811200374104071,2021-10-06 18:00:26+00:00,Bitcoin is Taking Off!! | Metaversal NFT Treasure Hunt feat. BT and Matthew Liu | Moon or Bust 🚀 https://t.co/2snFb60zj9,bitcoin taking metaversal nft treasure hunt feat bt matthew liu moon bust,neutral,0.0,FB
1567,1445808561494310912,2021-10-06 17:49:57+00:00,"Coming up on Moon or Bust!

Talking about #Metaversal with Grammy Nominated @BT &amp; Matt Liu!

LIVE at 2pm et👉https://t.co/ZyeK2QRMZ5
@logannross #NFT https://t.co/aKjeNufhll",coming moon bust talking metaversal grammy nominated amp matt liu live 2pm nft,positive,0.13636363636363635,FB
1591,1445630249174138886,2021-10-06 06:01:24+00:00,"Apple Co-Founder Steve Jobs Wanted Dell To License MacOS: Here's Why The Deal Didn't Work Out $AAPL $DELL

https://t.co/JnWz4mZ1h7",apple cofounder steve jobs wanted license macos heres deal didnt work aapl,neutral,0.0,AAPL
1632,1445301095106940928,2021-10-05 08:13:28+00:00,"Netflix, Howard Set Up $5.4M Scholarship To Honor 'Black Panther' Star @chadwickboseman $NFLX

https://t.co/6nyMTh0syq",netflix howard set 54m scholarship honor black panther star nflx,negative,-0.16666666666666666,NFLX
1633,1445265489773563904,2021-10-05 05:51:59+00:00,"Facebook Says This Is What Caused The Outage Of Its Platforms $FB

https://t.co/mLYj36ogM8",facebook says caused outage platforms fb,neutral,0.0,FB
1636,1445227865960685571,2021-10-05 03:22:28+00:00,"Elon Musk-Backed #Signal Struggles To Catch Up With Demand As Millions Flock To Its App Amid Facebook Chaos $FB $TSLA $TWTR

https://t.co/LOAJfiJwio",elon muskbacked signal struggles catch demand millions flock app amid facebook chaos fb tsla twtr,neutral,0.0,FB
1637,1445210381081665544,2021-10-05 02:13:00+00:00,"'Facebook Can't Be Down If You Deleted It,' Blaire Erskine Rips Apart Mark Zuckerberg Company In Epic Sketch $FB $TWTR

https://t.co/iOWwKyUYJT",facebook cant deleted blaire erskine rips apart mark zuckerberg company epic sketch fb twtr,positive,0.1,FB
1645,1445145414722891780,2021-10-04 21:54:51+00:00,".@jack joked about buying https://t.co/doiQaT2L9y 

$FB $TWTR $SQ #facebookdown 
https://t.co/VfMzp7sKEO",joked buying fb twtr sq facebookdown,neutral,0.0,FB
1652,1445125354759335939,2021-10-04 20:35:08+00:00,"Mark Zuckerberg Loses $7B In Wealth From '60 Minutes' Whistleblower Interview, App Outage $FB https://t.co/XrJaVNNWLA #FacebookDown",mark zuckerberg loses 7b wealth 60 minutes whistleblower interview app outage fb facebookdown,neutral,0.0,FB
1659,1445094446987628549,2021-10-04 18:32:19+00:00,"5 Key headlines you may have missed from the weekend
$TSLA, $AMZN, Trump, $TWTR, $ETH, $BTC, #ElonMusk, $DOGE  | @IBKR_TI 

📰👉 https://t.co/d4IMYzpAQ0 https://t.co/3nrt2JLDFc",5 key headlines may missed weekend tsla amzn trump twtr eth btc elonmusk doge,neutral,0.0,AMZN
1661,1445084122284757004,2021-10-04 17:51:17+00:00,Live look at our intern who manages our $FB and Instagram page. https://t.co/CWQ5tNnWab,live look intern manages fb instagram page,positive,0.13636363636363635,FB
1662,1445083509694115852,2021-10-04 17:48:51+00:00,"$SHIB #SHIB making 💰moves, Facebook, Instagram, &amp; Whatsapp down... what's next?",shib shib making moves facebook instagram amp whatsapp whats next,neutral,0.0,FB
1664,1445063221560369173,2021-10-04 16:28:14+00:00,Anyone make any money on the $FB outage?,anyone make money fb outage,neutral,0.0,FB
1666,1445061884521037832,2021-10-04 16:22:55+00:00,"$FB Facebook, Instagram And Related App Users Report Worldwide Outage

https://t.co/myfa8bfaj6",fb facebook instagram related app users report worldwide outage,neutral,0.0,FB
1680,1444924077789958147,2021-10-04 07:15:20+00:00,"Facebook Whistleblower Accuses Company Of 'Betrayal Of Democracy' $FB

https://t.co/f3XPUUAj9t",facebook whistleblower accuses company betrayal democracy fb,neutral,0.0,FB
1694,1444432835193065472,2021-10-02 22:43:18+00:00,"Benzinga's Bulls And Bears Of The Week: Apple, Boeing, Moderna, Robinhood And More $AAPL $BA $MRNA $HOOD https://t.co/BNB7E43gQ0",benzingas bulls bears week apple boeing moderna robinhood aapl mrna hood,neutral,0.0,AAPL
1698,1444340636157685762,2021-10-02 16:36:56+00:00,"Amazon-Backed EV Maker Rivian Discloses $1 Billion Loss, Amazon Deal In IPO Filing $AMZN $F https://t.co/RAdLFJpLxC",amazonbacked ev maker rivian discloses 1 billion loss amazon deal ipo filing amzn f,neutral,0.0,AMZN
1721,1443928807833063425,2021-10-01 13:20:29+00:00,"$AMZN RBC Capital Sees 26% Upside In Amazon - Read Why
https://t.co/nkhHloGAxC",amzn rbc capital sees 26 upside amazon read,neutral,0.0,AMZN
1736,1443861969245589505,2021-10-01 08:54:53+00:00,"Apple Supplier Foxconn Confirms Deal To Buy Lordstown Ohio Plant, Fisker PEAR Could Come Sooner $HNHPF $FSR $RIDE

https://t.co/P3yDP1cMer",apple supplier foxconn confirms deal buy lordstown ohio plant fisker pear could sooner hnhpf fsr ride,neutral,0.0,AAPL
1764,1443614111296860163,2021-09-30 16:29:59+00:00,Kicking off our first panel of the day is Dr. Lindsay A. Rosenwald of @fortressbio $FBIO and Frank Bedu-Addo of @PDSBiotech. Join us to learn more about what these health experts have to say about cancer. https://t.co/I7xS3I3Vah #healthcare #smallcap #investing #stocks https://t.co/MgRI4OzVky,kicking first panel day dr lindsay rosenwald fbio frank beduaddo join us learn health experts say cancer healthcare smallcap investing stocks,positive,0.25,FB
1779,1443573126780973066,2021-09-30 13:47:08+00:00,"See your fav stock? WATCH NOW!
https://t.co/8GWNCzKwK1

Track 1:
$PDSB, $QIPT, $NNVC, $GMVD, $AVCO, $MEND, $FBIO, $EYPT, $BTCY, $NVOS, $TCON, $BIOC, $PTPI, $HOTH, $NEWU, $ADTX
Track 2:
$AXLA, $KTTA, $PBIO, $ENTBF, $CYBN, $KMPH, $MNMD, $XCUR, $ENVB, $MITI, $PSTV https://t.co/hfFt54JSn5",see fav stock watch track 1 pdsb qipt nnvc gmvd avco mend fbio eypt btcy nvos tcon bioc ptpi hoth newu adtx track 2 axla ktta pbio entbf cybn kmph mnmd xcur envb miti pstv,neutral,0.0,FB
1791,1443528978275307524,2021-09-30 10:51:42+00:00,"Tesla, Snapchat, Draftkings, Skillz, Google — Here's What Cathie Wood's Ark Bought Or Sold On Wednesday $TSLA $SNAP $DKNG $SKLZ

https://t.co/zD9hOgrWUD",tesla snapchat draftkings skillz google heres cathie woods ark bought sold wednesday tsla snap dkng sklz,neutral,0.0,GOOGL
1854,1442963122591993865,2021-09-28 21:23:12+00:00,Learn How @InfobirdCoLtd (Ticker $IFBD) Is Using Artificial Intelligence To Provide Next Level Customer Engagement Solutions #ad https://t.co/yZCdH4Q9Au,learn ticker ifbd using artificial intelligence provide next level customer engagement solutions,neutral,0.0,FB
1877,1442871977795018755,2021-09-28 15:21:01+00:00,".@theRealKiyosaki said Jeff Bezos has started selling stock at a much faster pace than before — largely to finance a new endeavor that Bezos describes ""the most important thing I'm doing right now."" $AMZN $TSLA

https://t.co/pUPvQvRARY",said jeff bezos started selling stock much faster pace largely finance new endeavor bezos describes important thing right amzn tsla,positive,0.20735930735930733,AMZN
1922,1442520035856199682,2021-09-27 16:02:31+00:00,"Google turns 23 today!🎂

$GOOG $GOOGL
https://t.co/PmU8503RY1",google turns 23 today goog googl,neutral,0.0,GOOGL
1943,1442414820590907398,2021-09-27 09:04:26+00:00,"Google Turns 23 And Celebrates Birthday With A Cake Doodle. Here Are 10 Interesting Facts About The Internet Leviathan $GOOGL $GOOG

https://t.co/PmU850lsPz",google turns 23 celebrates birthday cake doodle 10 interesting facts internet leviathan googl goog,neutral,0.0,GOOGL
1945,1442355008125771777,2021-09-27 05:06:46+00:00,"Bitcoin In Focus As Netflix Makes Documentary On Suspicious Death Of Crypto Entrepreneur That Led To $250M In Lost Funds $BTC $NFLX 

https://t.co/myAH2FC55G",bitcoin focus netflix makes documentary suspicious death crypto entrepreneur led 250m lost funds btc nflx,neutral,0.0,NFLX
1950,1442188974454231044,2021-09-26 18:07:00+00:00,"Talk about a stock popping! $FBIO moved 12% over the past 3 days to set another gain for the second week in a row! Amid recent market volatility, make sure you have the tools necessary to trade smart, join us Sept 29-30 for the Small Cap Conference. https://t.co/gi0V7lXLO7 https://t.co/D7lnrwTy7d",talk stock popping fbio moved 12 past 3 days set another gain second week row amid recent market volatility make sure tools necessary trade smart join us sept 2930 small cap conference,positive,0.03571428571428572,FB
1982,1441458087068676096,2021-09-24 17:42:43+00:00,".@Apple threatened to ban Instagram from its iOS App Store after reports of human trafficking ads.

🗞️👇 | $AAPL $FB $GOOG $GOOGL
https://t.co/J2WPNhmc4L",threatened ban instagram ios app store reports human trafficking ads aapl fb goog googl,neutral,0.0,AAPL
1988,1441428980716871684,2021-09-24 15:47:04+00:00,"🍃Cannabis Daily🍃
▶️https://t.co/uNielKQqUt

- Is the FBI tracking your cannabis use?
- Switzerland &amp; Italy cannabis news
- $MMNFF, $SOLCF, $TCNNF

#Cannabis daily is available on all podcast platforms! https://t.co/LMudCspasv",cannabis daily fbi tracking cannabis use switzerland amp italy cannabis news mmnff solcf tcnnf cannabis daily available podcast platforms,neutral,0.0,FB
1996,1441392260491350020,2021-09-24 13:21:09+00:00,"You ask, we analyze: How Apple stock looks heading into today's session

@Artartinvest &amp; @freeannajones asked for $AAPL
https://t.co/uX9dsk3XBp",ask analyze apple stock looks heading todays session amp asked aapl,neutral,0.0,AAPL
2011,1441087900305608715,2021-09-23 17:11:44+00:00,"Does anyone want sushi?

@kurasushi_usa $KRUS has a better one-year return than $TSLA, $DIS, $AAPL, &amp; $F 🗞️👇
https://t.co/FIR5TOY5Mh",anyone sushi krus better oneyear return tsla dis aapl amp f,positive,0.5,AAPL
2028,1440985766096617476,2021-09-23 10:25:53+00:00,"Tesla Bull Cathie Wood Says There's No Bubble, 2008-09 Debacle Has Put 'Fear' In Investors — And More Key Takeaways From Morningstar Appearance $TSLA $GM $AAPL $SPY

https://t.co/l3igxzjnNF",tesla bull cathie wood says theres bubble 200809 debacle put fear investors key takeaways morningstar appearance tsla gm aapl spy,neutral,0.0,AAPL
2051,1440738024996818949,2021-09-22 18:01:27+00:00,"🍃Cannabis Daily🍃
▶️https://t.co/y3EhQqjDib

- US House approves the safe act for the 5th time... denies 2 items
- $ACB mass layoffs
- $AMZN will reinstate employees who were previously punished for pos. cannabis tests.
- $SNDL, $BMMJ

#Cannabis Daily: available on all platforms https://t.co/XQqpAXqHrZ",cannabis daily us house approves safe act 5th time denies 2 items acb mass layoffs amzn reinstate employees previously punished pos cannabis tests sndl bmmj cannabis daily available platforms,positive,0.16666666666666669,AMZN
2082,1440619102427508737,2021-09-22 10:08:54+00:00,"Facebook Overpaid FTC In Cambridge Analytica Settlement To Ensure Zuckerberg Personally Gets Off The Hook, Allege Shareholders $FB

https://t.co/4gGtVN7Mez",facebook overpaid ftc cambridge analytica settlement ensure zuckerberg personally gets hook allege shareholders fb,neutral,0.0,FB
2083,1440537007462096899,2021-09-22 04:42:41+00:00,"Facebook CEO Mark Zuckerberg Takes A Stab At NYT Over 'Surfboard' Coverage But Ignores The Elephant In The Room $FB $NYT

https://t.co/PWWu8V3Pdr",facebook ceo mark zuckerberg takes stab surfboard coverage ignores elephant room fb,neutral,0.0,FB
2111,1440333824605360130,2021-09-21 15:15:18+00:00,"Apple $AAPL has enough cash in its coffers ($204B) to give $600 to every person in the United States.

-The Week, August 6, 2021",apple aapl enough cash coffers 204b give 600 every person united states week august 6 2021,neutral,0.0,AAPL
2129,1440107255664361473,2021-09-21 00:15:00+00:00,Lessons From The US Summer Box Office: What Worked And What Didn't $DIS $CMCSA $VIAC $T $SONY $NFLX https://t.co/1aDfm89Psz,lessons us summer box office worked didnt dis cmcsa viac sony nflx,neutral,0.0,NFLX
2132,1440098188594188289,2021-09-20 23:38:58+00:00,"#BlackWidow soared, #InTheHeights sank and #animation wasn't all that popular: Lessons From The US Summer Box Office: What Worked And What Didn't $DIS $VIAC $NFLX https://t.co/WJdeypxJo4  #Disney #MattDamon #F9 #RyanReynolds #Hollywood #boxoffice #movies",blackwidow soared intheheights sank animation wasnt popular lessons us summer box office worked didnt dis viac nflx disney mattdamon f9 ryanreynolds hollywood boxoffice movies,positive,0.6,NFLX
2142,1440051377527406605,2021-09-20 20:32:57+00:00,"Is Apple's stock...

$AAPL #AAPL
🗞️👉https://t.co/YlL9DOJswf   | @IBKR_TI",apples stock aapl aapl,neutral,0.0,AAPL
2174,1439900756513996806,2021-09-20 10:34:27+00:00,"5 Key Headlines You May Have Missed From This Weekend: Hang Seng Crash, El Salvador Bitcoin Buy, Litecoin Growth, Apple iOS15 Update, Netflix At Emmys $BABA $BTC $LTC $AAPL $NFLX

https://t.co/bxg5EAgsMW",5 key headlines may missed weekend hang seng crash salvador bitcoin buy litecoin growth apple ios15 update netflix emmys baba btc ltc aapl nflx,neutral,0.0,AAPL
2175,1439887471144169472,2021-09-20 09:41:39+00:00,"Here's Why Upgrading To iPhone 13 May Not Be Worth It $AAPL

https://t.co/LMpJ9HFVgj",heres upgrading iphone 13 may worth aapl,positive,0.3,AAPL
2176,1439880382602563589,2021-09-20 09:13:29+00:00,"Netflix Gets The Emmys Crown With 44 Wins, Apple, Disney SVOD Services Shine Too $NFLX $AAPL $DIS

https://t.co/0NwTHM66TE",netflix gets emmys crown 44 wins apple disney svod services shine nflx aapl dis,positive,0.8,AAPL
2180,1439759966991159299,2021-09-20 01:15:00+00:00,"Apple's iOS 15 Update Releases On Monday, But You May Not Want To Install it Right Away $AAPL https://t.co/qax1pxFGmk",apples ios 15 update releases monday may install right away aapl,positive,0.2857142857142857,AAPL
2181,1439744867605700609,2021-09-20 00:15:00+00:00,5 Comedy Icons Netflix Paid Big Money For $NFLX https://t.co/gkT4np0VuS https://t.co/WkM3TKVeiI,5 comedy icons netflix paid big money nflx,neutral,0.0,NFLX
2182,1439729768094736388,2021-09-19 23:15:00+00:00,Facebook Responds To WSJ Reports On The Impact Of Instagram On The Mental Health Of Teen Girls $FB https://t.co/hrKfuSrhAr,facebook responds wsj reports impact instagram mental health teen girls fb,negative,-0.05,FB
2185,1439695797281492995,2021-09-19 21:00:00+00:00,How Long Will The Wait Be For Electric Pickup Trucks? $AMZN $F $GM $TSLA $RIDE $GOEV https://t.co/mpsjgzGasv,long wait electric pickup trucks amzn f gm tsla ride goev,negative,-0.05,AMZN
2206,1439243477846462464,2021-09-18 15:02:39+00:00,"Benzinga's Bulls And Bears Of The Week: Apple, Boeing, Cisco, Moderna, Tesla And More $AAPL $BA $CSCO $MRNA $TSLA https://t.co/WzIXnDFUrd",benzingas bulls bears week apple boeing cisco moderna tesla aapl csco mrna tsla,neutral,0.0,AAPL
2212,1438971519879630848,2021-09-17 21:01:59+00:00,How To Spot The Next Big Move | IRNT AMD SDC AAPL SPY | Technically...Options 🚨 https://t.co/f2DHccs0Ok,spot next big move irnt amd sdc aapl spy technicallyoptions,neutral,0.0,AAPL
