,id,date,raw_txt,clean_tweets,sentiment,sentiment_continuous,BelongsTo
1,1464272459239206920,2021-11-26 16:38:53+00:00,"Google searches for ""covid test"" in the tri-state area are now ticking higher than the peak readings seen in mid-August during the delta wave that was hitting the south hardest. https://t.co/fVUhnig2dN",google searches covid test tristate area ticking higher peak readings seen midaugust delta wave hitting south hardest,positive,0.25,GOOGL
50,1461373868589948938,2021-11-18 16:40:55+00:00,Nasdaq 100 internals are even worse with the index up 83 bps but only 36 stocks higher.  $NVDA $AMZN $GOOGL $AAPL $MSFT $TSLA all up on the day.,nasdaq 100 internals even worse index 83 bps 36 stocks higher nvda amzn googl aapl msft tsla day,positive,0.25,AMZN
86,1458452369696563211,2021-11-10 15:11:56+00:00,The relative strength line between industrial and precious metals has broken the uptrend that has been in place since last summer: https://t.co/fG9VqGaaKi https://t.co/JwIg4MhEWg,relative strength line industrial precious metals broken uptrend place since last summer,negative,-0.2,FB
91,1458066708514607105,2021-11-09 13:39:27+00:00,Meta Platforms (Facebook) $FB traded right up to its 200-DMA before pulling back yesterday: https://t.co/FTdw10eSWk https://t.co/c1fh78MHEq,meta platforms facebook fb traded right 200dma pulling back yesterday,positive,0.14285714285714285,FB
92,1457860495067787276,2021-11-09 00:00:02+00:00,"Google searches for ""covid test"" in the US had been declining since mid-August but just saw a tick higher in the first week of November: https://t.co/vTRzd2XaYZ",google searches covid test us declining since midaugust saw tick higher first week november,positive,0.25,GOOGL
132,1455518392304250882,2021-11-02 12:53:21+00:00,"Google search interest in ""metaverse.""  $FB https://t.co/IjsMEGVivH",google search interest metaverse fb,neutral,0.0,FB
151,1454176484394942473,2021-10-29 20:01:05+00:00,Microsoft (MSFT) Back on Top of Apple (AAPL) https://t.co/zXAdD7LUdq via @bespokeinvest,microsoft msft back top apple aapl via,positive,0.25,AAPL
160,1454069589307011079,2021-10-29 12:56:20+00:00,"As it moves into the number one market cap position today, Microsoft's performance has doubled the performance of Apple over the last year.  https://t.co/nb4fyTf30F https://t.co/XfTu46Ynrs",moves number market cap position today microsofts performance doubled performance apple last year,neutral,0.0,AAPL
174,1453744250500300801,2021-10-28 15:23:33+00:00,Apple $AAPL market cap lead on Microsoft $MSFT back up to $100 billion with AAPL up 2.8% today and MSFT flat.,apple aapl market cap lead microsoft msft back 100 billion aapl 28 today msft flat,negative,-0.0125,AAPL
175,1453743941426237449,2021-10-28 15:22:19+00:00,Alphabet $GOOGL just barely managed to closed at a new high following its earnings report yesterday: https://t.co/WgChpimIvk https://t.co/eP5imn0ZGm,alphabet googl barely managed closed new high following earnings report yesterday,positive,0.11545454545454543,GOOGL
176,1453743382447247360,2021-10-28 15:20:06+00:00,Facebook closed below its 200-day moving average for the first time since March this week: https://t.co/FTdw10eSWk https://t.co/YxLrTzaZNy,facebook closed 200day moving average first time since march week,positive,0.25,FB
180,1453446043409043462,2021-10-27 19:38:35+00:00,Microsoft $MSFT and Apple $AAPL now combine for nearly $5 trillion in market cap.  https://t.co/v5QItFKjTq https://t.co/J9r7tiwXRm,microsoft msft apple aapl combine nearly 5 trillion market cap,neutral,0.0,AAPL
181,1453445221270818827,2021-10-27 19:35:19+00:00,Microsoft $MSFT is now just $27 billion away from overtaking Apple $AAPL as the world's largest public company: https://t.co/v5QItFKjTq https://t.co/FR3ufEsKfH,microsoft msft 27 billion away overtaking apple aapl worlds largest public company,neutral,0.0,AAPL
187,1452985105396420617,2021-10-26 13:06:58+00:00,"While it accounts for a fifth of the sector, https://t.co/SgUBdtqxha hasn't contributed anything to the Consumer Discretionary sector's breakout. $AMZN https://t.co/KrdhVKQdG4",accounts fifth sector hasnt contributed anything consumer discretionary sectors breakout amzn,neutral,0.0,AMZN
216,1450801883627536384,2021-10-20 12:31:38+00:00,Netflix is on pace to decline on its earnings reaction day for the 7th time in 8 quarters. Over that time the stock has nearly doubled. $NFLX https://t.co/3FKQUHVuhE https://t.co/jZy3NL29IQ,netflix pace decline earnings reaction day 7th time 8 quarters time stock nearly doubled nflx,neutral,0.0,NFLX
225,1450169607990489092,2021-10-18 18:39:12+00:00,These are always fun -- Tesla's $TSLA market cap is a whole Costco $COST larger than Berkshire $BRK.B.  Apple's $AAPL market cap is a Berkshire $BRK.B larger than Amazon $AMZN.  https://t.co/lXzFFO03ZK https://t.co/hX5bQoQuTP,always fun teslas tsla market cap whole costco cost larger berkshire brkb apples aapl market cap berkshire brkb larger amazon amzn,positive,0.125,AMZN
226,1450168444884762632,2021-10-18 18:34:34+00:00,Alphabet's $GOOGL market cap has increased by $702 billion in 2021.  That's more than Berkshire's entire market cap of $643 billion (the 7th largest stock in the S&amp;P).  https://t.co/lXzFFO03ZK https://t.co/G59hAaKiIF,alphabets googl market cap increased 702 billion 2021 thats berkshires entire market cap 643 billion 7th largest stock sampp,neutral,0.0,GOOGL
227,1450167858961469444,2021-10-18 18:32:15+00:00,"The entire S&amp;P 500 Financial sector has a market cap of ~$4.7 trillion, about the same as the combined market cap of Apple $AAPL and Microsoft $MSFT.  https://t.co/lXzFFO03ZK",entire sampp 500 financial sector market cap 47 trillion combined market cap apple aapl microsoft msft,neutral,0.0,AAPL
229,1450167111016452096,2021-10-18 18:29:16+00:00,"Apple $AAPL, Microsoft $MSFT, Alphabet $GOOGL, and Amazon $AMZN have a combined market cap of $8.3 trillion, which is more than twice the size of the four smallest sectors: https://t.co/lXzFFO03ZK",apple aapl microsoft msft alphabet googl amazon amzn combined market cap 83 trillion twice size four smallest sectors,neutral,0.0,AMZN
230,1450152908172009491,2021-10-18 17:32:50+00:00,"Love this Google search trends comp between Venmo and Cash App.  Cash App has a hold on the southeast while Venmo wins out west and in the northeast.  Nationally, Cash App started out behind but overtook Venmo post COVID.  $PYPL $SQ https://t.co/AZzuQJDV4M",love google search trends comp venmo cash app cash app hold southeast venmo wins west northeast nationally cash app started behind overtook venmo post covid pypl sq,positive,0.3,GOOGL
241,1448994170752876578,2021-10-15 12:48:25+00:00,"Google searches for the terms ""labor shortage' and 'supply chain' have never been higher.  https://t.co/fnosBqVci1 https://t.co/QVZ13v43Pi",google searches terms labor shortage supply chain never higher,negative,-0.125,GOOGL
275,1448016638121553925,2021-10-12 20:04:04+00:00,Chip shortage hitting Apple now as Bloomberg reports that company plans slash iPhone 13 production.,chip shortage hitting apple bloomberg reports company plans slash iphone 13 production,neutral,0.0,AAPL
280,1447628648526360576,2021-10-11 18:22:20+00:00,"Google searches for Netflix's hit show ""Squid Game"" eclipsed searches for ""Netflix"" at its recent peak on 10/3.  https://t.co/L4QTjCRNCk https://t.co/gcHOK96KSK",google searches netflixs hit show squid game eclipsed searches netflix recent peak 103,negative,-0.2,NFLX
296,1445478553273847815,2021-10-05 19:58:37+00:00,"While many lamented that Apple would lose its magic without Jobs, in the 10 years since his passing, Apple has multiplied nearly 10-fold.",many lamented apple would lose magic without jobs 10 years since passing apple multiplied nearly 10fold,positive,0.5,AAPL
297,1445478551579283462,2021-10-05 19:58:37+00:00,"At the time of his death, Jobs’ holdings in Disney accounted for a larger share of his wealth than his holdings in Apple.
https://t.co/2AKTputCAV",time death jobs holdings disney accounted larger share wealth holdings apple,neutral,0.0,AAPL
298,1445478549620596737,2021-10-05 19:58:36+00:00,"One secret Jobs took to his grave was his plans for the Apple TV.  Shortly after his death, biographer Walter Isaacson noted that Jobs commented that the TV “will have the simplest user interface you could imagine. I finally cracked it.”
https://t.co/TWMUwUsA1t",secret jobs took grave plans apple tv shortly death biographer walter isaacson noted jobs commented tv simplest user interface could imagine finally cracked,negative,-0.2,AAPL
299,1445478547494031364,2021-10-05 19:58:36+00:00,"It actually took a lot of convincing from other people at Apple to even get Jobs to open the iPhone to outside apps. ""I called him a half dozen times to lobby for the potential of the apps,"" stated Arthur Levinson, an Apple board member.
https://t.co/LEpVRrUNzQ",actually took lot convincing people apple even get jobs open iphone outside apps called half dozen times lobby potential apps stated arthur levinson apple board member,negative,-0.05555555555555555,AAPL
300,1445478545694748678,2021-10-05 19:58:35+00:00,"The iPhone was probably Apple’s most revolutionary product.  When first unveiled, the feature Jobs was most proud of was that it made phone calls.  “It’s amazing how hard it is to make calls on most phones.”
https://t.co/LDtRDHA9Wn",iphone probably apples revolutionary product first unveiled feature jobs proud made phone calls amazing hard make calls phones,positive,0.25277777777777777,AAPL
303,1445478539243843594,2021-10-05 19:58:34+00:00,"While he was the cofounder of Apple, Jobs wasn’t necessarily a tech genius.  Steve Wozniak once commented that “He did not know technology. He’d never designed anything as a hardware engineer, and he didn’t know software.” 
https://t.co/0FIdE3yBua",cofounder apple jobs wasnt necessarily tech genius steve wozniak commented know technology hed never designed anything hardware engineer didnt know software,neutral,0.0,AAPL
304,1445478537591287809,2021-10-05 19:58:33+00:00,"Apple was actually formed on April Fools Day in 1976 from his parents’ garage. 
https://t.co/vMYvRxeS7k",apple actually formed april fools day 1976 parents garage,neutral,0.0,AAPL
313,1445149615632916480,2021-10-04 22:11:32+00:00,Apple $AAPL accounts for just under 60 bps of the S&amp;P 500's ~5% drop since its 9/2 closing high.  Tesla $TSLA and mostly Energy and Financials stocks have been the biggest positive contributors.   Read more in tonight's Closer: https://t.co/1Ai7huMX5p https://t.co/WxyzewrzgV,apple aapl accounts 60 bps sampp 500s 5 drop since 92 closing high tesla tsla mostly energy financials stocks biggest positive contributors read tonights closer,positive,0.16,AAPL
384,1441015793303621632,2021-09-23 12:25:12+00:00,Google searches for the term 'inflation' have really pulled back from their peak rate in early May. https://t.co/6pHgKQdeSf https://t.co/cYN8diwdfI,google searches term inflation really pulled back peak rate early may,neutral,0.0,GOOGL
395,1440405566262677508,2021-09-21 20:00:23+00:00,"We've also seen Google searches for ""covid test"" really start to rise in Pennsylvania. https://t.co/x2wmi9qn5v",weve seen google searches covid test really start rise pennsylvania,neutral,0.0,GOOGL
397,1440404169140015105,2021-09-21 19:54:49+00:00,"Google searches for ""covid test"" in Florida are down to just 35% of what they were at their peak on August 9th: https://t.co/hy9CIDcYri",google searches covid test florida 35 peak august 9th,neutral,0.0,GOOGL
451,1437807129478537223,2021-09-14 15:55:07+00:00,"5. Facebook:
Founded in 2004, Facebook's original platform, https://t.co/s0vLOqJDtW, has barely altered their logo since launching the company. Mark Zuckerberg decided on blue because he cannot differentiate between red and green. https://t.co/9ue6PESYCt",5 facebook founded 2004 facebooks original platform barely altered logo since launching company mark zuckerberg decided blue differentiate red green,negative,-0.037500000000000006,FB
453,1437807122415329283,2021-09-14 15:55:05+00:00,"In 1998, Amazon decided to specify their business model with their logo, before switching to a more universal design within the same year. https://t.co/zbrD7dma1G",1998 amazon decided specify business model logo switching universal design within year,neutral,0.0,AMZN
454,1437807119537946624,2021-09-14 15:55:05+00:00,"4. Amazon: 
Beginning as an online bookstore in 1994, Amazon has always used relatively simple logos, the first of which lasted a mere 2 years. https://t.co/TKROTnjd4C",4 amazon beginning online bookstore 1994 amazon always used relatively simple logos first lasted mere 2 years,negative,-0.08333333333333333,AMZN
456,1437807113372422144,2021-09-14 15:55:03+00:00,"3. Google: 
Since the company was founded in 1998, the Google logo has barely changed. While the primary colors were the original color choice, green was added to show that Google doesn’t follow the rules. https://t.co/Xy0J55RZzu",3 google since company founded 1998 google logo barely changed primary colors original color choice green added show google doesnt follow rules,negative,-0.07500000000000001,GOOGL
459,1437807103649923079,2021-09-14 15:55:01+00:00,"Since changing to a single-colored design, Apple has changed their logo four times, and it's currently a simplified version of the 1977 logo. https://t.co/it2hc5uHo4",since changing singlecolored design apple changed logo four times currently simplified version 1977 logo,neutral,0.0,AAPL
460,1437807100462346245,2021-09-14 15:55:00+00:00,"In 1977, Apple switched to their longest lasting logo, which remained until 1998. https://t.co/E1ghaiV1Dn",1977 apple switched longest lasting logo remained 1998,neutral,0.0,AAPL
461,1437807097337503745,2021-09-14 15:54:59+00:00,"1. Apple: 
Before launching the now famous ‘apple’ logo, the company used a stamp-like graphic picturing Isaac Newton sitting underneath the famous apple tree. This logo only lasted for a year (1976). https://t.co/rzKPGsw4jw",1 apple launching famous apple logo company used stamplike graphic picturing isaac newton sitting underneath famous apple tree logo lasted year 1976,neutral,0.0,AAPL
475,1437030985258831877,2021-09-12 12:31:00+00:00,"Borrowing against bitcoin, laser windshields, Apple loses in Epic fashion, mRNA versus cancer, the drop in college-educated men, taxing buybacks, and more in this week's Bespoke Brunch Reads:
https://t.co/fcLv9HMX9T",borrowing bitcoin laser windshields apple loses epic fashion mrna versus cancer drop collegeeducated taxing buybacks weeks bespoke brunch reads,positive,0.1,AAPL
487,1436061595445125123,2021-09-09 20:18:59+00:00,"Ten years ago, Apple $AAPL, Exxon $XOM, Microsoft $MSFT, and $IBM were the four largest S&amp;P 500 stocks.  $AAPL and $MSFT are still in the top 4.  $IBM and $XOM aren't even in the top 25.  https://t.co/v132nAXijr https://t.co/YIqiPOSiGg",ten years ago apple aapl exxon xom microsoft msft ibm four largest sampp 500 stocks aapl msft still top 4 ibm xom arent even top 25,positive,0.3333333333333333,AAPL
501,1435953629710716944,2021-09-09 13:09:58+00:00,Netflix $NFLX has stolen the show lately with a huge breakout to new all-time highs.  Up 24.75% over the last 3 months. https://t.co/AxX5TZqhlO,netflix nflx stolen show lately huge breakout new alltime highs 2475 last 3 months,positive,0.0792727272727273,NFLX
502,1435953361266823172,2021-09-09 13:08:54+00:00,"Quick update on megacap Tech stocks.  7 of 8 remain ""overbought' meaning they're more than 1 standard deviation above their 50-DMAs.  $AMZN the only one not overbought.  $NVDA and $GOOG still up huge YTD at 65%+.  https://t.co/e8LECQTizl https://t.co/IEB6I55mMk",quick update megacap tech stocks 7 8 remain overbought meaning theyre 1 standard deviation 50dmas amzn overbought nvda goog still huge ytd 65,positive,0.10520833333333335,AMZN
508,1435701068713938948,2021-09-08 20:26:23+00:00,"Google searches for ""covid test"" in Florida and the broader US appear to have peaked with lower highs and lower lows recently... https://t.co/WyecqEu3os",google searches covid test florida broader us appear peaked lower highs lower lows recently,positive,0.05333333333333334,GOOGL
548,1433812392702513154,2021-09-03 15:21:28+00:00,Netflix un-buffers. $NFLX https://t.co/8xFbSk4E0Y https://t.co/cmj79Ep2LL,netflix unbuffers nflx,neutral,0.0,NFLX
568,1432366167281242115,2021-08-30 15:34:41+00:00,Amazon $AMZN continues to bounce back from very weak price action post earnings.  Up 7.5% since its 8/19 closing low.,amazon amzn continues bounce back weak price action post earnings 75 since 819 closing low,negative,-0.06875,AMZN
606,1430981245543063553,2021-08-26 19:51:29+00:00,"#1 Walmart $WMT - Revenues: $566 billion - The big box retailer remains on top with annual sales $122 billion more than #2 ranked Amazon.  With a market cap of $417 billion, its price to sales ratio stands at 0.74. https://t.co/rIiMEtiAYw",1 walmart wmt revenues 566 billion big box retailer remains top annual sales 122 billion 2 ranked amazon market cap 417 billion price sales ratio stands 074,negative,-0.10000000000000002,AMZN
607,1430980779681660933,2021-08-26 19:49:38+00:00,#2 Amazon $AMZN - Revenues: $443.3 billion - Amazon had sales of $639 million 20 years ago in Q3 2001.  The company has reported over $100 billion in sales in each of the last 3 quarters. https://t.co/aDE9fq0ATD,2 amazon amzn revenues 4433 billion amazon sales 639 million 20 years ago q3 2001 company reported 100 billion sales last 3 quarters,neutral,0.0,AMZN
608,1430979853373874182,2021-08-26 19:45:58+00:00,"#3 Apple $AAPL - Revenues: $347.1 billion - Q4 2020 marked the first quarter that Apple crossed $100 billion in quarterly sales when it reported $111.4 billion in revenues.  With a market cap of $2.45 trillion, Apple is currently the largest company in the world. https://t.co/IjCTRTwfXc",3 apple aapl revenues 3471 billion q4 2020 marked first quarter apple crossed 100 billion quarterly sales reported 1114 billion revenues market cap 245 trillion apple currently largest company world,positive,0.08333333333333333,AAPL
613,1430975418815950852,2021-08-26 19:28:20+00:00,"#8 Alphabet $GOOGL - Revenues: $220.3 billion - GOOGL's market cap of $1.9 trillion gives the company a price to sales ratio of 8.7, the highest of the top 12. https://t.co/gFrl5UgkEx",8 alphabet googl revenues 2203 billion googls market cap 19 trillion gives company price sales ratio 87 highest top 12,positive,0.5,GOOGL
623,1430893616885493772,2021-08-26 14:03:17+00:00,"Of the eight ""mega-cap Tech"" stocks, $AMZN, $TSLA, and $NFLX are just barely positive YTD, between 0.7 and 1.4%.  https://t.co/T525MMpqNH https://t.co/QdbhWKenx6",eight megacap tech stocks amzn tsla nflx barely positive ytd 07 14,positive,0.05,AMZN
657,1429815760369721349,2021-08-23 14:40:16+00:00,"For reference, here's Google searches for ""covid test"" compared to searches for ""vaccine."" https://t.co/6YB8PWWqdG",reference heres google searches covid test compared searches vaccine,neutral,0.0,GOOGL
658,1429815395112923142,2021-08-23 14:38:49+00:00,"Google searches for ""covid test"" just hit a record high, ticking above the high made the week of 11/15-11/21/20 just before Thanksgiving. https://t.co/Ma1TMTET1M",google searches covid test hit record high ticking high made week 1115112120 thanksgiving,positive,0.16,GOOGL
683,1428324177333862407,2021-08-19 11:53:15+00:00,Commodity ETFs are basically reversing YTD trends this week.  Precious metals bouncing off of oversold levels and energy falling into oversold territory.  https://t.co/e8LECQTizl https://t.co/4Ekm4CsDPr,commodity etfs basically reversing ytd trends week precious metals bouncing oversold levels energy falling oversold territory,neutral,0.0,FB
694,1427275574742069260,2021-08-16 14:26:29+00:00,"Google searches for ""covid test"" are rapidly approaching all-time highs for the US: https://t.co/kx03ykdGxG",google searches covid test rapidly approaching alltime highs us,positive,0.16,GOOGL
702,1426164884073496576,2021-08-13 12:52:59+00:00,"Stainless steel was invented on this day in 1913.  Harry Brearley of Sheffield, England mixed chromium with molten iron to form what turned out to be a rust-less metal.  https://t.co/CncUG1jV4S",stainless steel invented day 1913 harry brearley sheffield england mixed chromium molten iron form turned rustless metal,positive,0.2,FB
742,1424820158607069184,2021-08-09 19:49:32+00:00,"1/ Google Trends data for ""Stocks"" and ""Buy Stocks"" surged to record highs during last year's bear market and those highs were taken out earlier this year around the time of the meme stock mania.  Since then, that interest has unwound: https://t.co/bW1aAQuF45 https://t.co/HDPVhafkTB",1 google trends data stocks buy stocks surged record highs last years bear market highs taken earlier year around time meme stock mania since interest unwound,positive,0.08,GOOGL
751,1424347409992327176,2021-08-08 12:31:00+00:00,"Electric $F, $0 bitcoin, Apple &amp; privacy, big funding rounds, the assassination of Internet Explorer 6 by the coward YouTube engineering team, and more in this week's Bespoke Brunch Reads:
https://t.co/HP94HgBUvp",electric f 0 bitcoin apple amp privacy big funding rounds assassination internet explorer 6 coward youtube engineering team weeks bespoke brunch reads,negative,-0.1,AAPL
779,1420851650735058952,2021-07-29 21:00:06+00:00,"Just like Apple $AAPL, Amazon $AMZN is now set to trade lower on each of its last 4 earnings reaction days.  Would also be its 5th move lower on its last 6 earnings reports.  Stock is up ~38% over this time frame... https://t.co/QvImByuhnY",like apple aapl amazon amzn set trade lower last 4 earnings reaction days would 5th move lower last 6 earnings reports stock 38 time frame,neutral,0.0,AMZN
786,1420371702593294336,2021-07-28 13:12:57+00:00,"Apple is on pace for its fourth straight decline in reaction to earnings, but it's not as though the last year has been bad for the stock.  $AAPL https://t.co/vQHHzuv22d https://t.co/9dd0Wt6LhG",apple pace fourth straight decline reaction earnings though last year bad stock aapl,negative,-0.12499999999999996,AAPL
787,1420367164146700288,2021-07-28 12:54:55+00:00,Apple $AAPL is trading lower on earnings.  It has actually fallen on its prior 3 earnings reaction days going back to 10/29/20.  Stock is up 27% since then... https://t.co/HWu26EIvMz,apple aapl trading lower earnings actually fallen prior 3 earnings reaction days going back 102920 stock 27 since,neutral,0.0,AAPL
796,1420006138351915022,2021-07-27 13:00:20+00:00,"After the close, we'll get reports from Alphabet ($GOOGL), Apple ($AAPL), and Microsoft ($MSFT).  On a combined basis, these three companies alone are expected to report combined revenues of about $175 billion! https://t.co/inaCy58PqV",close well get reports alphabet googl apple aapl microsoft msft combined basis three companies alone expected report combined revenues 175 billion,neutral,0.0,AAPL
806,1418578683783155720,2021-07-23 14:28:08+00:00,"As COVID picks back up, we're seeing a pick-up in Google searches for ""vaccine"" as well. https://t.co/iIrDPDjlYv",covid picks back seeing pickup google searches vaccine well,neutral,0.0,GOOGL
807,1418578468145618949,2021-07-23 14:27:17+00:00,"Google searches for ""covid test"" are on the upswing again and back to April levels. https://t.co/PQ7be8UWkf",google searches covid test upswing back april levels,neutral,0.0,GOOGL
816,1418306246050988037,2021-07-22 20:25:34+00:00,Facebook will be back in the trillion dollar club tomorrow. $FB,facebook back trillion dollar club tomorrow fb,neutral,0.0,FB
844,1417104617058488323,2021-07-19 12:50:43+00:00,"Seeing the initial uptick in Google searches for ""Covid test"" inline with uptick in positive cases. https://t.co/c9hAlVAcYZ",seeing initial uptick google searches covid test inline uptick positive cases,neutral,0.0,GOOGL
856,1415319104660070402,2021-07-14 14:35:44+00:00,Apple $AAPL now up 14% over the last month.,apple aapl 14 last month,neutral,0.0,AAPL
887,1413123126142119945,2021-07-08 13:09:42+00:00,"Apple $AAPL managed to close at a record high yesterday, but that left it 3 standard deviations above its 50-DMA in extreme overbought territory.  Up 6% over the last week and 11.38% above its 50-DMA. https://t.co/QSUPzLRaaH",apple aapl managed close record high yesterday left 3 standard deviations 50dma extreme overbought territory 6 last week 1138 50dma,positive,0.04,AAPL
946,1407383375644614657,2021-06-22 17:01:59+00:00,"Amazon $AMZN at $3,514 is within striking distance of its $3,552 high made on 9/2/20.  This one has been consolidating sideways for the last nine months. https://t.co/HPPlMYo6o7",amazon amzn 3514 within striking distance 3552 high made 9220 consolidating sideways last nine months,positive,0.08,AMZN
950,1407044106208092163,2021-06-21 18:33:51+00:00,"No slowdown in Google searches for ""hotels"" and ""rental car.""  Have been stuck at or near record levels for weeks now. https://t.co/sYXJqo2aar",slowdown google searches hotels rental car stuck near record levels weeks,positive,0.1,GOOGL
1005,1404773059589029890,2021-06-15 12:09:31+00:00,Solid moves higher for some of the mega-caps over the last week.  Amazon $AMZN up 5.8% and Apple $AAPL up 3.6%.  Facebook $FB up the least with a gain of just 6 bps. https://t.co/I8F4PWtS3Z,solid moves higher megacaps last week amazon amzn 58 apple aapl 36 facebook fb least gain 6 bps,negative,-0.012499999999999997,AMZN
1048,1402610098254536704,2021-06-09 12:54:41+00:00,Apple $AAPL and Amazon $AMZN are both stuck in between their 50-DMA (above) and 200-DMA (below): https://t.co/paztpxUJcB,apple aapl amazon amzn stuck 50dma 200dma,neutral,0.0,AMZN
1055,1402244896875073536,2021-06-08 12:43:30+00:00,Developers love WWDC.  Apple shareholders? Maybe not as much. https://t.co/K0HnXhTrMZ https://t.co/eQOripYcFt,developers love wwdc apple shareholders maybe much,positive,0.35,AAPL
1069,1400559668276178947,2021-06-03 21:07:00+00:00,FBI gun background checks just saw their largest two-month decline since at least 1999.  https://t.co/BlLk2yru45 https://t.co/fJI92Wizfp,fbi gun background checks saw largest twomonth decline since least 1999,negative,-0.3,FB
1088,1398266356001280002,2021-05-28 13:14:12+00:00,Here's a look at price charts for the mega-cap Tech/Consumer Tech stocks.  $FB $GOOG $MSFT in uptrends.  The rest are either in sideways trends or near-term downtrends. https://t.co/M2hUbTNTLy,heres look price charts megacap techconsumer tech stocks fb goog msft uptrends rest either sideways trends nearterm downtrends,neutral,0.0,FB
1152,1394284196491845633,2021-05-17 13:30:31+00:00,"Six Dow 30 stocks are down YTD, all down less than 5%: Disney $DIS, Nike $NKE, Apple $AAPL, Merck $MRK, Walmart $WMT, and salesforce $CRM.  https://t.co/e8LECQTizl https://t.co/AENCbotRnI",six dow 30 stocks ytd less 5 disney dis nike nke apple aapl merck mrk walmart wmt salesforce crm,negative,-0.16666666666666666,AAPL
1188,1392493392991604741,2021-05-12 14:54:30+00:00,Or Google Trends searches for 'inflation' start to look like this. https://t.co/PkYFUeZniI https://t.co/8OFmX5UtdF,google trends searches inflation start look like,neutral,0.0,GOOGL
1193,1392454091385839617,2021-05-12 12:18:20+00:00,Every commodity ETF in our Trend Analyzer tool is either overbought or extreme overbought.  Precious metals ETFs have made a big move higher over the last week but remain down YTD.  $GLD $SLV $DBP $$ https://t.co/e8LECQTizl https://t.co/5TXlACwwls,every commodity etf trend analyzer tool either overbought extreme overbought precious metals etfs made big move higher last week remain ytd gld slv dbp,positive,0.08333333333333333,FB
1259,1390012645487611908,2021-05-05 18:36:54+00:00,Amazon $AMZN is down 7.77% since 10 AM ET last Friday morning following its Thursday evening earnings report.,amazon amzn 777 since 10 last friday morning following thursday evening earnings report,neutral,0.0,AMZN
1284,1388266467242696706,2021-04-30 22:58:13+00:00,Amazon rallied more on a rumored stock split earlier this week than it did from earnings on Thursday. $AMZN,amazon rallied rumored stock split earlier week earnings thursday amzn,neutral,0.0,AMZN
1287,1388202713234780160,2021-04-30 18:44:53+00:00,Here's a look at the 30 largest stocks in the S&amp;P 500.  Facebook $FB quickly approaching $1 trillion.  5 largest make up 22.1% of the index.  30 largest make up 44.4%.  Exxon $XOM up the most YTD of this group.  Netflix $NFLX down the most YTD.  https://t.co/H4p1RcpfIn https://t.co/82D6vkCpfP,heres look 30 largest stocks sampp 500 facebook fb quickly approaching 1 trillion 5 largest make 221 index 30 largest make 444 exxon xom ytd group netflix nflx ytd,neutral,0.0,FB
1288,1388166164774277128,2021-04-30 16:19:39+00:00,"Speaking of flowers, Mother's Day beats out Valentine's Day every year when it comes to Google searches for ""flowers.""  Now you know... https://t.co/y1gq2PYDni https://t.co/cJeZD3V9xN",speaking flowers mothers day beats valentines day every year comes google searches flowers know,neutral,0.0,GOOGL
1294,1388147978133770243,2021-04-30 15:07:23+00:00,"Amazon $AMZN did manage to make a new all-time high this morning ($3,554) but has since pulled back about $45 and is now up just 1% on the day.",amazon amzn manage make new alltime high morning 3554 since pulled back 45 1 day,positive,0.0987878787878788,AMZN
1297,1388115847638659073,2021-04-30 12:59:42+00:00,"Pointed this out earlier in the week -- Q1 has historically been the best earnings report for Amazon $AMZN when it comes to stock price reaction.  Has averaged a gain of 4.21% on its 19 prior Q1 reports, so its current gain of 2% is actually weaker than normal. https://t.co/3QT1eMtoIA",pointed earlier week q1 historically best earnings report amazon amzn comes stock price reaction averaged gain 421 19 prior q1 reports current gain 2 actually weaker normal,positive,0.19166666666666665,AMZN
1298,1388115259769163777,2021-04-30 12:57:22+00:00,"Amazon $AMZN is trading ~$7 below its all-time high of  $3,552.25 in pre-market trading.  Was well above that level last night but has been drifting lower.  Will be watching to see if the stock can finally break above its 8-month sideways range today.  https://t.co/bBcfqcHPYN https://t.co/GP1c7OoEZX",amazon amzn trading 7 alltime high 355225 premarket trading well level last night drifting lower watching see stock finally break 8month sideways range today,positive,0.05333333333333334,AMZN
1302,1387781832297623553,2021-04-29 14:52:27+00:00,"Google searches for ""COVID Vaccine"" have been plummeting. since early March  Could be hesitancy or just that it's much easier to find now. https://t.co/agPzXE0WdJ",google searches covid vaccine plummeting since early march could hesitancy much easier find,positive,0.2,GOOGL
1308,1387750827553665025,2021-04-29 12:49:15+00:00,"""I didn't know what Facebook was, and now that I do know what it is, I have to say, it sounds like a huge waste of time."" - Betty White  https://t.co/2n1K5V6yEg",didnt know facebook know say sounds like huge waste time betty white,positive,0.26666666666666666,FB
1309,1387749869746540549,2021-04-29 12:45:26+00:00,"People hate Facebook so much that they can't get enough of it. 
Today is the 14th time since its IPO that the stock has gapped up over 5% in reaction to earnings. $FB https://t.co/2n1K5V6yEg",people hate facebook much cant get enough today 14th time since ipo stock gapped 5 reaction earnings fb,negative,-0.20000000000000004,FB
1312,1387508150924988417,2021-04-28 20:44:56+00:00,$90 billion is also enough to buy every American an Apple Watch SE at full retail price (not including sales tax).,90 billion enough buy every american apple watch full retail price including sales tax,positive,0.11666666666666665,AAPL
1313,1387507526816735237,2021-04-28 20:42:27+00:00,There are 330 S&amp;P 500 companies with T12 revenues smaller than the $12.28bn beat over estimates $AAPL just announced for Q2 revs.,330 sampp 500 companies t12 revenues smaller 1228bn beat estimates aapl announced q2 revs,neutral,0.0,AAPL
1314,1387506035783606276,2021-04-28 20:36:32+00:00,Apple's new $90 billion buyback authorization is larger than 400 of the S&amp;P 500's components.,apples new 90 billion buyback authorization larger 400 sampp 500s components,positive,0.06818181818181818,AAPL
1324,1387392654850334724,2021-04-28 13:06:00+00:00,Market has been responding positively to Alphabet earnings lately. This will be the fourth quarter in the last 5 that the stock gaps up more than 4% in reaction to earnings. $GOOGL https://t.co/NL8wrXB0fd,market responding positively alphabet earnings lately fourth quarter last 5 stock gaps 4 reaction earnings googl,negative,-0.09999999999999999,GOOGL
1329,1387135368869330944,2021-04-27 20:03:38+00:00,Alphabet operating margin came in at 30% versus estimates for 22%.,alphabet operating margin came 30 versus estimates 22,neutral,0.0,GOOGL
1332,1387109748592500740,2021-04-27 18:21:49+00:00,"Note that Amazon $AMZN has even been raising guidance lately, which is something we didn't normally see in prior years.  Has raised guidance on its last 3 earnings reports.  https://t.co/oHAGK38hAq https://t.co/cWClTUNr9V",note amazon amzn even raising guidance lately something didnt normally see prior years raised guidance last 3 earnings reports,negative,-0.0375,AMZN
1333,1387109387513307147,2021-04-27 18:20:23+00:00,"If Amazon $AMZN meets its Q1 sales estimates of ~$105 billion, it will be $30 billion higher than Q1 2020's sales of $75 billion. https://t.co/qD1eCJqzwb",amazon amzn meets q1 sales estimates 105 billion 30 billion higher q1 2020s sales 75 billion,positive,0.25,AMZN
1334,1387108905977794565,2021-04-27 18:18:29+00:00,Amazon $AMZN did $125 billion in sales in Q4 2020 versus $87 billion in Q4 2019 and $72 billion in Q4 2018. https://t.co/CSNxdCKvVq,amazon amzn 125 billion sales q4 2020 versus 87 billion q4 2019 72 billion q4 2018,neutral,0.0,AMZN
1335,1387108156300484608,2021-04-27 18:15:30+00:00,Amazon's $AMZN quarterly sales chart is truly a sight to behold.  https://t.co/oHAGK38hAq https://t.co/rNIcD2omnR,amazons amzn quarterly sales chart truly sight behold,neutral,0.0,AMZN
1344,1386740944574287872,2021-04-26 17:56:20+00:00,"The market cap of ""Amazon's Rumored Stock Split"" ($32 billion) is larger than nearly half of all S&amp;P 500 companies. https://t.co/vfxpTUEIDe",market cap amazons rumored stock split 32 billion larger nearly half sampp 500 companies,negative,-0.08333333333333333,AMZN
1361,1385583147618873347,2021-04-23 13:15:39+00:00,"Americans appear ready to travel.  Check out Google searches for ""hotels"" -- not only at five year highs but record highs for a search term that normally peaks each year in July. https://t.co/yHLLDCI5J2",americans appear ready travel check google searches hotels five year highs record highs search term normally peaks year july,positive,0.1175,GOOGL
1372,1384985290805325828,2021-04-21 21:39:59+00:00,"Precious metals are starting to run with silver smashing through its 50-DMA today.
Read more in tonight's Closer: https://t.co/O3W6rlHJNJ https://t.co/FfibS26n8W",precious metals starting run silver smashing 50dma today read tonights closer,neutral,0.0,FB
1379,1384612184500678656,2021-04-20 20:57:24+00:00,The last time Netflix gapped down over 10% in reaction to earnings was in July 2019. $NFLX,last time netflix gapped 10 reaction earnings july 2019 nflx,neutral,0.0,NFLX
1382,1384559456860712960,2021-04-20 17:27:53+00:00,Here's where Netflix $NFLX would trade tomorrow if it experiences its average Q1 earnings volatility of +/-10%.  Either a breakout or a breakdown...  https://t.co/xBwk0AdeQg https://t.co/9b7PIpkDcA,heres netflix nflx would trade tomorrow experiences average q1 earnings volatility 10 either breakout breakdown,neutral,0.0,NFLX
1386,1384497996038033408,2021-04-20 13:23:39+00:00,"Prior to its last report, Netflix $NFLX had traded lower on  its earnings reaction day in 7 of the last 8 quarters.  Surged 16.85% following its Q4 2020 report in January, though. https://t.co/igcjcXJIrf",prior last report netflix nflx traded lower earnings reaction day 7 last 8 quarters surged 1685 following q4 2020 report january though,neutral,0.0,NFLX
1387,1384497333207977984,2021-04-20 13:21:01+00:00,Netflix $NFLX has missed bottom-line EPS estimates for four consecutive quarters.  Prior to this streak it had only missed EPS just twice in a row once. https://t.co/Wi2OVD56h4,netflix nflx missed bottomline eps estimates four consecutive quarters prior streak missed eps twice row,neutral,0.0,NFLX
1391,1384491376814051328,2021-04-20 12:57:21+00:00,"Alphabet $GOOG is on top when it comes to YTD returns for the mega-caps, up 31.4%.  Apple $AAPL and Tesla $TSLA are up the least YTD with gains of less than 2%. https://t.co/VVFzgRc0SV",alphabet goog top comes ytd returns megacaps 314 apple aapl tesla tsla least ytd gains less 2,positive,0.011111111111111118,AAPL
1406,1384133348566519809,2021-04-19 13:14:40+00:00,"Google Trends shows the big COVID wave hitting Michigan right now, with searches in the state for ""Covid test"" just crossing above highs seen in Fall 2020. https://t.co/JSLJc2qsyd",google trends shows big covid wave hitting michigan right searches state covid test crossing highs seen fall 2020,positive,0.11142857142857143,GOOGL
1497,1380186269930696707,2021-04-08 15:50:24+00:00,"The $1.5 trillion market cap club welcomed a new member (GOOGL) yesterday, and Microsoft is just 5% from joining Apple in the $2 trillion club.",15 trillion market cap club welcomed new member googl yesterday microsoft 5 joining apple 2 trillion club,positive,0.13636363636363635,AAPL
1513,1379190746604003330,2021-04-05 21:54:32+00:00,"The Consumer Discretionary sector has been ripping higher thanks to Amazon and Tesla. $AMZN $TSLA
Read more in tonight's Closer: https://t.co/dVlvPKWKOt https://t.co/x7BEuVUMFT",consumer discretionary sector ripping higher thanks amazon tesla amzn tsla read tonights closer,positive,0.25,AMZN
1528,1377974885302075395,2021-04-02 13:23:08+00:00,"Mega-caps had a big week, all gaining at least 2%. $NVDA was up the most at 10% followed by $NFLX and $FB at 7%.  $AMZN $TSLA $AAPL all still below their 50-DMAs.  https://t.co/H4p1RcpfIn https://t.co/hAixZ8WMNk",megacaps big week gaining least 2 nvda 10 followed nflx fb 7 amzn tsla aapl still 50dmas,negative,-0.15,AMZN
1532,1377681203659177985,2021-04-01 17:56:09+00:00,"Netflix $NFLX hasn't done anything for the last nine months, but you can certainly find a lot worse charts out there.  Has managed to make slightly higher lows throughout this sideways consolidation phase. https://t.co/LMqRBtbsRy",netflix nflx hasnt done anything last nine months certainly find lot worse charts managed make slightly higher lows throughout sideways consolidation phase,positive,0.08333333333333333,NFLX
1546,1377248622287392768,2021-03-31 13:17:14+00:00,Alphabet $GOOGL price chart: https://t.co/ugsuy02jyf https://t.co/SegCKDOOIK,alphabet googl price chart,neutral,0.0,GOOGL
1619,1374449451004088326,2021-03-23 19:54:19+00:00,"Seeing a slight tick higher recently in the tri-state area for Google searches for ""covid test,"" which is what you do when you think you might have Covid... https://t.co/ZOH3NGYsYh",seeing slight tick higher recently tristate area google searches covid test think might covid,positive,0.02777777777777778,GOOGL
1625,1374337302214889474,2021-03-23 12:28:41+00:00,"Walmart $WMT, Apple $AAPL, and Coca-Cola $KO are the worst performers in the Dow so far in 2021, while Walgreens $WBA, Intel $INTC, and Goldman $GS are the best: https://t.co/KX2rKexgMT https://t.co/p6G7Z4NfUR",walmart wmt apple aapl cocacola worst performers dow far 2021 walgreens wba intel intc goldman gs best,positive,0.033333333333333326,AAPL
1671,1370378750265802753,2021-03-12 14:18:49+00:00,"15 of 36 industry groups are in extreme overbought territory, with Metals &amp; Mining $XME, Insurance $KIE, and Steel $SLX. https://t.co/nx8qwPkNQ5",15 36 industry groups extreme overbought territory metals amp mining xme insurance kie steel slx,neutral,0.0,FB
1714,1367873232737603588,2021-03-05 16:22:47+00:00,Amazon $AMZN $2900,amazon amzn 2900,neutral,0.0,AMZN
1737,1367493313591410695,2021-03-04 15:13:07+00:00,"Amazon $AMZN - which was at $3,045 about 30 minutes ago - now below $3,000.",amazon amzn 3045 30 minutes ago 3000,neutral,0.0,AMZN
1750,1367182374019162114,2021-03-03 18:37:33+00:00,"The $3,000 level has been the bottom end of Amazon's $AMZN sideways range over the last six months.  Stock is about 1% away from it now, will be watching to see if it acts as support. https://t.co/G1pXgjMa6K",3000 level bottom amazons amzn sideways range last six months stock 1 away watching see acts support,neutral,0.0,AMZN
1779,1365429786491969543,2021-02-26 22:33:24+00:00,Tesla now down 4.2% YTD.  Was up 25% YTD on January 26th.  Apple $AAPL now the worst of the mega-caps YTD with a decline of 8%.  https://t.co/L6IunJ5BTC https://t.co/x7rSow7wgX,tesla 42 ytd 25 ytd january 26th apple aapl worst megacaps ytd decline 8,negative,-1.0,AAPL
1782,1365416466447822854,2021-02-26 21:40:28+00:00,"Social Media Stock Returns in February:

Twitter (TWTR): ⬆️52.5%
Snap (SNAP):     ⬆️24.0%
Pinterest (PINS):⬆️17.6%

Facebook (FB):   ⬇️0.27",social media stock returns february twitter twtr 525 snap snap 240 pinterest pins176 facebook fb 027,positive,0.03333333333333333,FB
1805,1364975956499324929,2021-02-25 16:30:02+00:00,"Google search trends for ""buy stocks"" and ""buy bitcoin"": https://t.co/W9YXZKiOLB",google search trends buy stocks buy bitcoin,neutral,0.0,GOOGL
1807,1364949472040669186,2021-02-25 14:44:48+00:00,Here are charts of the mega-caps as of yesterday's close. $AAPL $AMZN $GOOGL $MSFT $NVDA $FB $TSLA $NFLX https://t.co/fkkmUFrwyz,charts megacaps yesterdays close aapl amzn googl msft nvda fb tsla nflx,neutral,0.0,AMZN
1809,1364935762471493641,2021-02-25 13:50:19+00:00,"Interesting snapshot of the 30 Dow members.  Significant divergence so far in 2021.  The two big retailers $WMT $HD are at extreme oversold levels.  Apple $AAPL is oversold.  Look at where the strength is - Energy, Financials, Industrials.  Intel $INTC is quietly up 27% YTD. https://t.co/s5PTQZGg4E",interesting snapshot 30 dow members significant divergence far 2021 two big retailers wmt hd extreme oversold levels apple aapl oversold look strength energy financials industrials intel intc quietly 27 ytd,positive,0.05,AAPL
1827,1364226135995809799,2021-02-23 14:50:31+00:00,"Here's Google search trends for ""buy stocks"".  The March 2020 timing turned out great.  The recent spike that came during the week that $GME squeezed to $480 -- not great timing so far. https://t.co/LIbLBxBOsT",heres google search trends buy stocks march 2020 timing turned great recent spike came week gme squeezed 480 great timing far,positive,0.42500000000000004,GOOGL
1836,1364203886471430150,2021-02-23 13:22:06+00:00,"Here's a look at the mega-caps through yesterday's close -- $AMZN $AAPL $FB $TSLA have all broken below their 50-DMAs, all are set to gap lower this morning by quite a bit. https://t.co/Mgl4mSlJKx",heres look megacaps yesterdays close amzn aapl fb tsla broken 50dmas set gap lower morning quite bit,negative,-0.4,AMZN
1847,1363886263372242945,2021-02-22 16:19:59+00:00,"Unlike Facebook, other social media stocks have been on fire. $FB $PINS $SNAP $TWTR https://t.co/JlQIcq7teN https://t.co/dypTkYMgk0",unlike facebook social media stocks fire fb pins snap twtr,positive,0.03333333333333333,FB
1849,1362898631171399680,2021-02-19 22:55:29+00:00,"So far in February, industrial metals are up 11.41%. That is the best performance through the first 14 days of a month since September of 2012. The only two other months of the past 30 years with larger gains were March of 2009 and April of 2006: https://t.co/bDbi2kfWFv https://t.co/pqyOYt00DW",far february industrial metals 1141 best performance first 14 days month since september 2012 two months past 30 years larger gains march 2009 april 2006,positive,0.22000000000000003,FB
1858,1362397658988621829,2021-02-18 13:44:48+00:00,Apple $AAPL is set to gap down another 1.4% at the open this morning after closing below support at its 50-day moving average yesterday.  https://t.co/KJKyXC4NFs https://t.co/Hk5iTDRyiv,apple aapl set gap another 14 open morning closing support 50day moving average yesterday,neutral,0.0,AAPL
1863,1362077773054021638,2021-02-17 16:33:41+00:00,Amazon $AMZN rallying today as the rest of FAANG and the Nasdaq 100 underperforms.,amazon amzn rallying today rest faang nasdaq 100 underperforms,neutral,0.0,AMZN
1941,1357002549153398784,2021-02-03 16:26:34+00:00,"Google searches in the US for ""covid vaccine"" crossed above searches for ""covid testing"" at the start of 2021, and the two continue to widen.  (Searches for testing lead case counts and continue to trend lower for now.) https://t.co/b3PdnXYMX2",google searches us covid vaccine crossed searches covid testing start 2021 two continue widen searches testing lead case counts continue trend lower,neutral,0.0,GOOGL
1947,1356650187192696833,2021-02-02 17:06:24+00:00,Amazon $AMZN Q4 2020 sales projected at $119.7 billion.  Q4 2019 sales were $87.4 billion.  Reports tonight after the close.  https://t.co/oHAGK38hAq https://t.co/QSl2qSmxuT,amazon amzn q4 2020 sales projected 1197 billion q4 2019 sales 874 billion reports tonight close,neutral,0.0,AMZN
1973,1354770429689421824,2021-01-28 12:36:55+00:00,"""Last quarter, Mitsubishi UFG Bank, one of the largest banks in the world, announced that it will be replacing 75% of its fixed phones with iPhones."" $AAPL",last quarter mitsubishi ufg bank largest banks world announced replacing 75 fixed phones iphones aapl,neutral,0.0,AAPL
1977,1354542618810703873,2021-01-27 21:31:41+00:00,An $8.32 billion revenue beat.  Unbelievable. $AAPL,832 billion revenue beat unbelievable aapl,neutral,0.0,AAPL
2003,1353710380539904000,2021-01-25 14:24:40+00:00,"After consolidating for basically all of Q4 2020 (aside from $TSLA), the mega-caps ripped higher last week as shown in our Trend Analyzer.  Four are now in extreme overbought territory $AAPL $GOOG $MSFT $NFLX. https://t.co/UhggcYOlr8",consolidating basically q4 2020 aside tsla megacaps ripped higher last week shown trend analyzer four extreme overbought territory aapl goog msft nflx,positive,0.08333333333333333,AAPL
2018,1352263797906546690,2021-01-21 14:36:27+00:00,Here's how the mega caps look after yesterday's big jump.  Netflix led the way on earnings.  $AMZN $AAPL $FB $MSFT $GOOG $NFLX https://t.co/2UTPcoWVQf,heres mega caps look yesterdays big jump netflix led way earnings amzn aapl fb msft goog nflx,neutral,0.0,AMZN
2025,1351980953883865092,2021-01-20 19:52:32+00:00,The last time all five of the FAANG stocks were up over 3% on the same day was on April 6th. $FB $AMZN $AAPL $MFLX $GOOGL,last time five faang stocks 3 day april 6th fb amzn aapl mflx googl,neutral,0.0,AMZN
2029,1351891705432256512,2021-01-20 13:57:54+00:00,Today will be Netflix's 14th upside gap of 10%+ since 2010.  $NFLX https://t.co/E5nO3tSOMa https://t.co/XLQT772LWa,today netflixs 14th upside gap 10 since 2010 nflx,neutral,0.0,NFLX
2030,1351661252267929605,2021-01-19 22:42:09+00:00,"While the Q1 subscriber guide for Netflix missed by 1.45 mm, Q4 crushed estimates with 2.45 mm subs added. $NFLX
Read more in tonight's Closer: https://t.co/zmaDSkEdpF https://t.co/cnuBupjkc5",q1 subscriber guide netflix missed 145 mm q4 crushed estimates 245 mm subs added nflx read tonights closer,neutral,0.0,NFLX
2031,1351644986878656518,2021-01-19 21:37:31+00:00,Netflix $NFLX has historically averaged a gain of ~10% on its Q4 earnings reaction day.  Every other quarter has averaged declines.  (Currently trading up 10% on Q4 earnings after hours.)   From our Earnings Explorer tool: https://t.co/XiQL2v6yjb https://t.co/y7N7XoTNC3,netflix nflx historically averaged gain 10 q4 earnings reaction day every quarter averaged declines currently trading 10 q4 earnings hours earnings explorer tool,neutral,0.0,NFLX
2033,1351637362003107841,2021-01-19 21:07:13+00:00,Cumulative weekly subscriber net adds for Netflix in 2020 is one crazy looking chart. $NFLX https://t.co/MRQ42tyQtY,cumulative weekly subscriber net adds netflix 2020 crazy looking chart nflx,neutral,0.0,NFLX
2145,1344372834404065281,2020-12-30 20:00:35+00:00,19 of 30 Dow stocks were in the green for the year coming into today.  Apple $AAPL up by far the most with a gain of 85%.  Boeing $BA down the most at -33%.  From our Trend Analyzer tool that you can use here: https://t.co/e8LECQTizl https://t.co/zGJnnZgSmc,19 30 dow stocks green year coming today apple aapl far gain 85 boeing 33 trend analyzer tool use,negative,-0.05,AAPL
2162,1343549345187115008,2020-12-28 13:28:20+00:00,Alphabet $GOOGL chart looks interesting here: https://t.co/ugsuy02jyf https://t.co/TJNek3BLyN,alphabet googl chart looks interesting,neutral,0.0,GOOGL
2176,1341381883100340224,2020-12-22 13:55:37+00:00,Apple has only closed higher than its pre-market level ($132) one other time in its history.  $AAPL https://t.co/JoV9mtAEyv https://t.co/QxzV1loyff,apple closed higher premarket level 132 time history aapl,positive,0.25,AAPL
2210,1339209160311922688,2020-12-16 14:01:59+00:00,"Most of ""megacap Tech"" has been consolidating but Apple $AAPL broke above its October highs yesterday. https://t.co/4H3jjIimm1",megacap tech consolidating apple aapl broke october highs yesterday,positive,0.16,AAPL
2222,1338599530099564544,2020-12-14 21:39:32+00:00,Google search trends for Christmas decorations are going crazy this year.  https://t.co/H4p1RcpfIn https://t.co/gyKkV9xtRI,google search trends christmas decorations going crazy year,neutral,0.0,GOOGL
2225,1338477280222449664,2020-12-14 13:33:45+00:00,"Aside from Tesla $TSLA, the rest of ""megacap Tech"" has been in consolidation mode for a couple of months now.  $AAPL $AMZN $MSFT $FB $NFLX  https://t.co/e8LECQTizl https://t.co/V1AtlPBzd5",aside tesla tsla rest megacap tech consolidation mode couple months aapl amzn msft fb nflx,neutral,0.0,AMZN
2228,1338114197322915841,2020-12-13 13:31:00+00:00,"Bad vaccine news, a new kind of commuting to work, the traders that won big with negative oil, Facebook's horrifying ad machine, a big contract for a minor leaguer, and more in this week's Bespoke Brunch Reads:
https://t.co/WXvCqT0uFq",bad vaccine news new kind commuting work traders big negative oil facebooks horrifying machine big contract minor leaguer weeks bespoke brunch reads,negative,-0.0022727272727272527,FB
2277,1333546259509096454,2020-11-30 22:59:39+00:00,"Industrial metals dramatically outperformed precious metals in November. Only November of 2001 and November of 2016 saw larger degrees of outperformance.
Read about this, the month-end rotation, and more in tonight's Closer: https://t.co/F8gHJmP7Xt https://t.co/BBqs4qfL5e",industrial metals dramatically outperformed precious metals november november 2001 november 2016 saw larger degrees outperformance read monthend rotation tonights closer,neutral,0.0,FB
2352,1328383023482605570,2020-11-16 17:02:47+00:00,The Russell 2000's market cap is back to about $500 billion more than the market cap of Apple (AAPL). https://t.co/M4J6lugTbz https://t.co/51WtrS3F2N,russell 2000s market cap back 500 billion market cap apple aapl,neutral,0.0,AAPL
2417,1323684155503353856,2020-11-03 17:51:10+00:00,Apple $AAPL has added $1.26 trillion in market cap since Election Day 2016.  Amazon $AMZN has added $1.13 trillion.  Microsoft $MSFT has added $1.06 trillion.  https://t.co/H4p1RcpfIn https://t.co/vkgTRMwKxS,apple aapl added 126 trillion market cap since election day 2016 amazon amzn added 113 trillion microsoft msft added 106 trillion,positive,0.8,AMZN
2423,1323631753819496448,2020-11-03 14:22:56+00:00,"Big Tech enters Election Day with every stock except Alphabet $GOOG more than 3% below its 50-DMA.  $AAPL, $AMZN, $MSFT are oversold.  Investors certainly not used to seeing this... https://t.co/e8LECQTizl https://t.co/ysGP1KZtlT",big tech enters election day every stock except alphabet goog 3 50dma aapl amzn msft oversold investors certainly used seeing,positive,0.4,AMZN
2445,1322186159657754631,2020-10-30 14:38:40+00:00,Apple $AAPL down 5.86% would be its worst earnings reaction day since its November 2018 report when it fell 6.63%.  https://t.co/fG6UXjDoiF https://t.co/ywMGdfq3Bb,apple aapl 586 would worst earnings reaction day since november 2018 report fell 663,negative,-1.0,AAPL
2451,1321914866924457984,2020-10-29 20:40:38+00:00,"Apple didn't provide guidance in its last two earnings reports either, so not too much of a surprise that they didn't do it today. $AAPL",apple didnt provide guidance last two earnings reports either much surprise didnt today aapl,positive,0.1,AAPL
2452,1321906634621394944,2020-10-29 20:07:56+00:00,Alphabet and Facebook both trading within 2% of record highs after earnings.,alphabet facebook trading within 2 record highs earnings,positive,0.16,FB
2453,1321906077928140802,2020-10-29 20:05:43+00:00,Amazon $AMZN reports revenues of $96 billion.  That's 39% higher than the $69 billion in revenues from Q3 2019 and ~$7 billion more than its prior record for any quarter set last quarter.  https://t.co/oHAGK38hAq https://t.co/tXWbSwPXU9,amazon amzn reports revenues 96 billion thats 39 higher 69 billion revenues q3 2019 7 billion prior record quarter set last quarter,positive,0.08333333333333333,AMZN
2462,1321559390676201472,2020-10-28 21:08:06+00:00,Four of the 5 largest companies in the S&amp;P 500 with a combined market cap of $5.2 trillion are set to report after the close tomorrow.  $AAPL $AMZN $GOOGL $FB  https://t.co/e8LECQTizl https://t.co/HPA4XaiE0K,four 5 largest companies sampp 500 combined market cap 52 trillion set report close tomorrow aapl amzn googl fb,neutral,0.0,AMZN
2490,1321075735818309632,2020-10-27 13:06:14+00:00,"Amazon announced it would hire 100K seasonal workers this year.  Seven years ago, it didn't even have 100K employees in total.",amazon announced would hire 100k seasonal workers year seven years ago didnt even 100k employees total,neutral,0.0,AMZN
2506,1319733780551290881,2020-10-23 20:13:47+00:00,"Even though Snap was up 55% this week, it's increase in market cap was less than half of Facebook's increase ($22.6 bln vs $53.0 bln). $SNAP $FB",even though snap 55 week increase market cap less half facebooks increase 226 bln vs 530 bln snap fb,negative,-0.16666666666666666,FB
2538,1318901192173473794,2020-10-21 13:05:22+00:00,"Netflix $NFLX will have traded lower on 5 of its last 6 earnings reaction days since last July's Q2 report.  At its open this AM, however, the stock will be up 38.6% over this time frame. https://t.co/jjYURr2LJK",netflix nflx traded lower 5 last 6 earnings reaction days since last julys q2 report open however stock 386 time frame,neutral,0.0,NFLX
2581,1316422231002619906,2020-10-14 16:54:52+00:00,You can easily build a custom earnings calendar on our site to stay on top of upcoming reports for the names you care about most.  Learn how in this post on Mega Cap Tech: https://t.co/bBJz8whKYc  $AAPL $NFLX $TSLA $FB $AMZN,easily build custom earnings calendar site stay top upcoming reports names learn post mega cap tech aapl nflx tsla fb amzn,positive,0.5,AMZN
2584,1316369339013115905,2020-10-14 13:24:42+00:00,Yesterday we published an update of our Death By Amazon and Amazon Survivors indices that you can learn more about here: @bespokeinvest https://t.co/99kgrGlCat,yesterday published update death amazon amazon survivors indices learn,neutral,0.0,AMZN
2588,1316122368591437824,2020-10-13 21:03:19+00:00,"Just updated our Death By Amazon index, which also includes our Amazon Survivors index which has performed well of late...  https://t.co/Pu7soAnsbx https://t.co/j7Euk3zDd4",updated death amazon index includes amazon survivors index performed well late,negative,-0.3,AMZN
2603,1315993576497700865,2020-10-13 12:31:33+00:00,"Google searches for ""Covid testing"" look very different in NY/CT than they do in CA/FL. https://t.co/01PwgZJdhg",google searches covid testing look different nyct cafl,neutral,0.0,GOOGL
2655,1313494493040123907,2020-10-06 15:01:05+00:00,Facebook and Snap have really started to diverge from each other lately. https://t.co/WRQvs3DhxH,facebook snap really started diverge lately,negative,-0.3,FB
2664,1313085877543989253,2020-10-05 11:57:23+00:00,"Mega-cap Tech stocks remain below their 50-DMAs.  Of the six shown below, only Tesla $TSLA is above...  $AAPL $AMZN $FB $GOOG $MSFT  https://t.co/H4p1RcpfIn https://t.co/9KbWSTmslg",megacap tech stocks remain 50dmas six shown tesla tsla aapl amzn fb goog msft,neutral,0.0,AMZN
2666,1312731947349635072,2020-10-04 12:31:00+00:00,"Remote school in an RV, Apple Watch false positives, ETF closures, copycat trading, and more in this week's Bespoke Brunch Reads:
https://t.co/M9pA7SCc9N",remote school rv apple watch false positives etf closures copycat trading weeks bespoke brunch reads,neutral,0.0,AAPL
2676,1312006915275345923,2020-10-02 12:29:59+00:00,Fortune Brands Home &amp; Security $FBHS chart looking solid: https://t.co/5hoPt8gjyA,fortune brands home amp security fbhs chart looking solid,neutral,0.0,FB
2742,1309119127433474048,2020-09-24 13:14:56+00:00,"Motorcycles are one of the only outdoor leisure items that didn't see a COVID bounce.  Can see this in Google search trends.  RVs, boats, and bicycles all saw huge demand.  $HOG https://t.co/iu3zHq2LTR",motorcycles outdoor leisure items didnt see covid bounce see google search trends rvs boats bicycles saw huge demand hog,positive,0.4000000000000001,GOOGL
2771,1308390603370254336,2020-09-22 13:00:03+00:00,Bespoke's Morning Lineup -- Apple Picking by @bespokeinvest https://t.co/D7rxCqzKGu,bespokes morning lineup apple picking,neutral,0.0,AAPL
2776,1308080769227784194,2020-09-21 16:28:53+00:00,COTD: Apple (AAPL) Bear Markets by @bespokeinvest https://t.co/pDcmkqLvZK,cotd apple aapl bear markets,neutral,0.0,AAPL
2843,1305489853593923587,2020-09-14 12:53:30+00:00,"Here's a look at the charts of six mega-cap Nasdaq 100 names.  $AAPL, $FB, and $TSLA have thus far held their 50-DMAs, while $MSFT, $GOOGL, and $AMZN have broken below their 50-DMAs.  https://t.co/H4p1RcpfIn https://t.co/XnyUqg0N24",heres look charts six megacap nasdaq 100 names aapl fb tsla thus far held 50dmas msft googl amzn broken 50dmas,negative,-0.15000000000000002,AMZN
2856,1304410107434987520,2020-09-11 13:22:59+00:00,All of the stocks in the FANG+ index have moved out of overbought territory and are now neutral or oversold.  As shown in our Trend Analyzer tool: https://t.co/e8LECQTizl  $TSLA $AMZN $AAPL $NVDA $NFLX $FB $GOOGL $TWTR $BABA $BIDU https://t.co/5YHtyflTeL,stocks fang index moved overbought territory neutral oversold shown trend analyzer tool tsla amzn aapl nvda nflx fb googl twtr baba bidu,neutral,0.0,AMZN
2860,1304171396025790465,2020-09-10 21:34:25+00:00,Netflix $NFLX finally broke hard below its 50-DMA today after managing to hold it multiple times over the last few months.  Uptrend now on shaky ground.  https://t.co/H4p1RcpfIn https://t.co/DteX3cRGWT,netflix nflx finally broke hard 50dma today managing hold multiple times last months uptrend shaky ground,negative,-0.09722222222222222,NFLX
2896,1303421103545688076,2020-09-08 19:53:02+00:00,Apple having its worst 3-day stretch since October 2008. $AAPL,apple worst 3day stretch since october 2008 aapl,negative,-1.0,AAPL
2936,1301534351113453568,2020-09-03 14:55:45+00:00,"Good thing Apple waited for the split for this 5%+ pullback.  Last week, it would have accounted for a 202 point decline.  Today? Just 48 points.",good thing apple waited split 5 pullback last week would accounted 202 point decline today 48 points,positive,0.35,AAPL
2939,1301518700806369288,2020-09-03 13:53:33+00:00,"Apple is a quarter of Berkshire's market cap, yet in the last six trading days, the stocks have only moved in the same direction once.",apple quarter berkshires market cap yet last six trading days stocks moved direction,positive,0.05,AAPL
2972,1300740877162295296,2020-09-01 10:22:46+00:00,"Based on pre-market trading, Apple now has a larger market cap than the ENTIRE Russell 2000 ($2.26 trillion vs $2.24 trillion). $AAPL",based premarket trading apple larger market cap entire russell 2000 226 trillion vs 224 trillion aapl,negative,-0.4,AAPL
2980,1300398889770594305,2020-08-31 11:43:50+00:00,"Apple’s entire weighting post-split is now less than 1,000 points. https://t.co/7taRMGQy3J",apples entire weighting postsplit less 1000 points,negative,-0.16666666666666666,AAPL
2981,1300374269386305538,2020-08-31 10:06:00+00:00,AAPL at $125? TSLA at $445?  Is it still March????,aapl 125 tsla 445 still march,neutral,0.0,AAPL
2996,1299343921131249665,2020-08-28 13:51:46+00:00,"On Monday morning, Berkshire Hathaway will own just under 1 BILLION shares of Apple. $AAPL https://t.co/PRQSyB5ZE2",monday morning berkshire hathaway 1 billion shares apple aapl,neutral,0.0,AAPL
2997,1299333552270708742,2020-08-28 13:10:33+00:00,"Price charts of the 5 largest stocks + Tesla.  Some amazing uptrends and breakouts, but prices extremely overbought and will mean revert at some point.  $AAPL $AMZN $GOOGL $FB $MSFT $TSLA https://t.co/H4p1RcpfIn https://t.co/E9RLfjWudb",price charts 5 largest stocks tesla amazing uptrends breakouts prices extremely overbought mean revert point aapl amzn googl fb msft tsla,negative,-0.3125,AMZN
3011,1299016848248369152,2020-08-27 16:12:05+00:00,The 5 largest stocks in the S&amp;P 500 are up an average of 54% YTD.  $AAPL $MSFT $AMZN $GOOGL $FB  https://t.co/H4p1RcpfIn https://t.co/xglqzdFy8v,5 largest stocks sampp 500 average 54 ytd aapl msft amzn googl fb,neutral,0.0,AMZN
3039,1298637208849657856,2020-08-26 15:03:32+00:00,Facebook $FB market cap now above $850 billion.,facebook fb market cap 850 billion,neutral,0.0,FB
3050,1298240117954445313,2020-08-25 12:45:38+00:00,"Apple's contribution to the DJIA this year has been 1,455 points. 
 After Monday's split, it's total weight will only be equal to just 846 points. https://t.co/JtvOHQ29ZF https://t.co/sa5BjBmOIg",apples contribution djia year 1455 points mondays split total weight equal 846 points,neutral,0.0,AAPL
3051,1298212049684762624,2020-08-25 10:54:06+00:00,"Google searches for ""Covid symptoms"" in FL (and other states) have led actual case counts.  Search interest is now back down to pre-spike levels seen in early June. https://t.co/7s2jYs1nYZ",google searches covid symptoms fl states led actual case counts search interest back prespike levels seen early june,neutral,0.0,GOOGL
3052,1298208861648805888,2020-08-25 10:41:26+00:00,COTD: Overbought Apple (AAPL) by @bespokeinvest https://t.co/U6UpFmYinB,cotd overbought apple aapl,neutral,0.0,AAPL
3053,1298016896994942983,2020-08-24 21:58:38+00:00,"Even after the changes and AAPL’s weighting dropping from 12%+ to under 3%, the Dow will still have a 23% weighting in Tech.",even changes aapls weighting dropping 12 3 dow still 23 weighting tech,neutral,0.0,AAPL
