,id,date,raw_txt,clean_tweets,sentiment,sentiment_continuous,BelongsTo
27,1463126956593934341,2021-11-23 12:47:04+00:00,Apple $AAPL breakout stats https://t.co/HgxN3aTroP,apple aapl breakout stats,neutral,0.0,AAPL
112,1458703049954758656,2021-11-11 07:48:03+00:00,What usually happens after Apple $AAPL breaks out? https://t.co/HgxN3aTroP,usually happens apple aapl breaks,negative,-0.25,AAPL
124,1458195684348207106,2021-11-09 22:11:57+00:00,What usually happens after Facebook $FB breaks out? https://t.co/RCsJ7Xm4aU,usually happens facebook fb breaks,negative,-0.25,FB
175,1455643813133701120,2021-11-02 21:11:44+00:00,Apple $AAPL breakout stats https://t.co/HgxN3aTroP,apple aapl breakout stats,neutral,0.0,AAPL
217,1453470216063569920,2021-10-27 21:14:38+00:00,What usually happens after Apple $AAPL breaks out? https://t.co/HgxN3aTroP,usually happens apple aapl breaks,negative,-0.25,AAPL
254,1451522582843256835,2021-10-22 12:15:26+00:00,What usually happens after Apple $AAPL breaks out? https://t.co/HgxN3aTroP,usually happens apple aapl breaks,negative,-0.25,AAPL
276,1450537578789175298,2021-10-19 19:01:23+00:00,"New breakout highs for $TLRY, $PLTR, $ZNGA, $AAPL, $SLV, $KODK https://t.co/qwCj3iCBfg",new breakout highs tlry pltr znga aapl slv kodk,positive,0.1481818181818182,AAPL
280,1450422565113974785,2021-10-19 11:24:21+00:00,Apple $AAPL breakout stats https://t.co/HgxN3aTroP,apple aapl breakout stats,neutral,0.0,AAPL
281,1450337311686754310,2021-10-19 05:45:35+00:00,"$FB, $SOS, $FCEL, $WFC, $SPY, $ADMP hit new breakout highs  https://t.co/qwCj3iCBfg",fb sos fcel wfc spy admp hit new breakout highs,positive,0.1481818181818182,FB
335,1447673802083561472,2021-10-11 21:21:45+00:00,"$AAPL, $ANY, $PTGX, $BABA, $FLXN hit new breakout highs  https://t.co/qwCj3iCBfg",aapl ptgx baba flxn hit new breakout highs,positive,0.1481818181818182,AAPL
384,1445137350258950145,2021-10-04 21:22:48+00:00,Apple $AAPL breakout stats https://t.co/HgxN3aTroP,apple aapl breakout stats,neutral,0.0,AAPL
395,1444199760609492995,2021-10-02 07:17:09+00:00,What usually happens after Apple $AAPL breaks out? https://t.co/HgxN3aTroP,usually happens apple aapl breaks,negative,-0.25,AAPL
397,1444123240750665735,2021-10-02 02:13:05+00:00,Apple $AAPL breakout stats https://t.co/HgxN3aTroP,apple aapl breakout stats,neutral,0.0,AAPL
406,1443756554151292947,2021-10-01 01:56:00+00:00,Apple $AAPL breakout stats https://t.co/HgxN3aTroP,apple aapl breakout stats,neutral,0.0,AAPL
415,1443385785080635393,2021-09-30 01:22:42+00:00,Apple $AAPL breakout stats https://t.co/HgxN3aTroP,apple aapl breakout stats,neutral,0.0,AAPL
428,1442812634793791489,2021-09-28 11:25:12+00:00,What usually happens after Apple $AAPL breaks out? https://t.co/HgxN3aTroP,usually happens apple aapl breaks,negative,-0.25,AAPL
451,1441306763790192642,2021-09-24 07:41:25+00:00,What usually happens after Apple $AAPL breaks out? https://t.co/HgxN3aTroP,usually happens apple aapl breaks,negative,-0.25,AAPL
454,1441162876685668359,2021-09-23 22:09:39+00:00,Apple $AAPL breakout stats https://t.co/HgxN3aTroP,apple aapl breakout stats,neutral,0.0,AAPL
463,1440785502429343748,2021-09-22 21:10:06+00:00,"$H, $ZIM, $NAVI, $DKNG, $ADBE, $FB breaking down to new lows https://t.co/QwuvEYCya1",zim navi dkng adbe fb breaking new lows,positive,0.06818181818181818,FB
468,1440554184999194628,2021-09-22 05:50:56+00:00,Apple $AAPL breakout stats https://t.co/HgxN3aTroP,apple aapl breakout stats,neutral,0.0,AAPL
510,1438391082178334721,2021-09-16 06:35:32+00:00,"$WYNN, $BABA, $AAPL, $NOK breaking down to new lows https://t.co/QwuvEYCya1",wynn baba aapl nok breaking new lows,positive,0.06818181818181818,AAPL
512,1438312859847507971,2021-09-16 01:24:43+00:00,What usually happens after Apple $AAPL breaks out? https://t.co/HgxN3bb2Np,usually happens apple aapl breaks,negative,-0.25,AAPL
551,1436297921708789761,2021-09-10 11:58:04+00:00,What usually happens after Facebook $FB breaks out? https://t.co/RCsJ7Xm4aU,usually happens facebook fb breaks,negative,-0.25,FB
570,1435482739432562688,2021-09-08 05:58:49+00:00,Facebook $FB breakout stats https://t.co/RCsJ7Xm4aU,facebook fb breakout stats,neutral,0.0,FB
604,1433174889473744902,2021-09-01 21:08:15+00:00,Apple $AAPL breakout stats https://t.co/HgxN3bb2Np,apple aapl breakout stats,neutral,0.0,AAPL
623,1432417976901423111,2021-08-30 19:00:33+00:00,"New breakout highs for $AAPL, $WISH, $ROOT, $GSAT https://t.co/qwCj3iUcDQ",new breakout highs aapl wish root gsat,positive,0.1481818181818182,AAPL
633,1431593110249689090,2021-08-28 12:22:49+00:00,Apple $AAPL breakout stats https://t.co/HgxN3aTroP,apple aapl breakout stats,neutral,0.0,AAPL
655,1430638532876333057,2021-08-25 21:09:40+00:00,What usually happens after Apple $AAPL breaks out? https://t.co/HgxN3aTroP,usually happens apple aapl breaks,negative,-0.25,AAPL
714,1427795938928562181,2021-08-18 00:54:13+00:00,What usually happens after Apple $AAPL breaks out? https://t.co/HgxN3aTroP,usually happens apple aapl breaks,negative,-0.25,AAPL
739,1426293893541236736,2021-08-13 21:25:38+00:00,Apple $AAPL breakout stats https://t.co/HgxN3aTroP,apple aapl breakout stats,neutral,0.0,AAPL
744,1426136793653518336,2021-08-13 11:01:22+00:00,Facebook $FB breakout stats https://t.co/RCsJ7Xm4aU,facebook fb breakout stats,neutral,0.0,FB
762,1425409356397309967,2021-08-11 10:50:48+00:00,What usually happens after Facebook $FB breaks out? https://t.co/RCsJ7Xm4aU,usually happens facebook fb breaks,negative,-0.25,FB
786,1423894553153601540,2021-08-07 06:31:30+00:00,Facebook $FB breakout stats https://t.co/RCsJ7Xm4aU,facebook fb breakout stats,neutral,0.0,FB
820,1422408806831562754,2021-08-03 04:07:41+00:00,Apple $AAPL breakout stats https://t.co/HgxN3aTroP,apple aapl breakout stats,neutral,0.0,AAPL
849,1420710961573371909,2021-07-29 11:41:03+00:00,What usually happens after Facebook $FB breaks out? https://t.co/RCsJ7Xm4aU,usually happens facebook fb breaks,negative,-0.25,FB
871,1419766461371863041,2021-07-26 21:07:57+00:00,What usually happens after Apple $AAPL breaks out? https://t.co/HgxN3aTroP,usually happens apple aapl breaks,negative,-0.25,AAPL
902,1417958262629027840,2021-07-21 21:22:48+00:00,Facebook $FB breakout stats https://t.co/RCsJ7Xm4aU,facebook fb breakout stats,neutral,0.0,FB
970,1413477882295328777,2021-07-09 12:39:22+00:00,Apple $AAPL breakout stats https://t.co/HgxN3aTroP,apple aapl breakout stats,neutral,0.0,AAPL
1009,1410854846022905858,2021-07-02 06:56:22+00:00,Facebook $FB breakout stats https://t.co/RCsJ7Xm4aU,facebook fb breakout stats,neutral,0.0,FB
1017,1410580229207203844,2021-07-01 12:45:08+00:00,What usually happens after Apple $AAPL breaks out? https://t.co/HgxN3aTroP,usually happens apple aapl breaks,negative,-0.25,AAPL
1034,1409850708854120448,2021-06-29 12:26:17+00:00,Facebook $FB breakout stats https://t.co/RCsJ7Xm4aU,facebook fb breakout stats,neutral,0.0,FB
1068,1407946039995240448,2021-06-24 06:17:48+00:00,Apple $AAPL breakout stats https://t.co/HgxN3aTroP,apple aapl breakout stats,neutral,0.0,AAPL
1080,1407445657997090820,2021-06-22 21:09:28+00:00,Apple $AAPL breakout stats https://t.co/HgxN3aTroP,apple aapl breakout stats,neutral,0.0,AAPL
1110,1405774270538469378,2021-06-18 06:27:58+00:00,Facebook $FB breakout stats https://t.co/RCsJ7Xm4aU,facebook fb breakout stats,neutral,0.0,FB
1112,1405697160323076097,2021-06-18 01:21:34+00:00,Apple $AAPL breakout stats https://t.co/HgxN3aTroP,apple aapl breakout stats,neutral,0.0,AAPL
1126,1405060114386542594,2021-06-16 07:10:10+00:00,Facebook $FB breakout stats https://t.co/RCsJ7Xm4aU,facebook fb breakout stats,neutral,0.0,FB
1161,1403099745694879747,2021-06-10 21:20:22+00:00,Facebook $FB breakout stats https://t.co/RCsJ7Xm4aU,facebook fb breakout stats,neutral,0.0,FB
1188,1402009817846145024,2021-06-07 21:09:23+00:00,What usually happens after Apple $AAPL breaks out? https://t.co/HgxN3aTroP,usually happens apple aapl breaks,negative,-0.25,AAPL
1198,1401147873790554116,2021-06-05 12:04:19+00:00,Apple $AAPL breakout stats https://t.co/HgxN3aTroP,apple aapl breakout stats,neutral,0.0,AAPL
1217,1400254958457430019,2021-06-03 00:56:12+00:00,What usually happens after Facebook $FB breaks out? https://t.co/RCsJ7Xm4aU,usually happens facebook fb breaks,negative,-0.25,FB
1223,1400065750673412104,2021-06-02 12:24:21+00:00,What usually happens after Apple $AAPL breaks out? https://t.co/HgxN3aTroP,usually happens apple aapl breaks,negative,-0.25,AAPL
1241,1398448563760234500,2021-05-29 01:18:14+00:00,Facebook $FB breakout stats https://t.co/RCsJ7Xm4aU,facebook fb breakout stats,neutral,0.0,FB
1242,1398385876338503680,2021-05-28 21:09:08+00:00,Apple $AAPL breakout stats https://t.co/HgxN3aTroP,apple aapl breakout stats,neutral,0.0,AAPL
1255,1397899829208961029,2021-05-27 12:57:45+00:00,Apple $AAPL breakout stats https://t.co/HgxN3aTroP,apple aapl breakout stats,neutral,0.0,AAPL
1289,1395929574962176001,2021-05-22 02:28:40+00:00,Facebook $FB breakout stats https://t.co/RCsJ7Xm4aU,facebook fb breakout stats,neutral,0.0,FB
1308,1395123713780043777,2021-05-19 21:06:28+00:00,Apple $AAPL breakout stats https://t.co/HgxN3aTroP,apple aapl breakout stats,neutral,0.0,AAPL
1338,1393464231094218754,2021-05-15 07:12:16+00:00,What usually happens after Apple $AAPL breaks out? https://t.co/HgxN3aTroP,usually happens apple aapl breaks,negative,-0.25,AAPL
1356,1392697369670471683,2021-05-13 04:25:02+00:00,Apple $AAPL breakout stats https://t.co/HgxN3aTroP,apple aapl breakout stats,neutral,0.0,AAPL
1397,1390566143815864321,2021-05-07 07:16:18+00:00,What usually happens after Apple $AAPL breaks out? https://t.co/HgxN3aTroP,usually happens apple aapl breaks,negative,-0.25,AAPL
1424,1389477810939514882,2021-05-04 07:11:40+00:00,Facebook $FB breakout stats https://t.co/RCsJ7X4tjm,facebook fb breakout stats,neutral,0.0,FB
1448,1388016956603699200,2021-04-30 06:26:45+00:00,Facebook $FB breakout stats https://t.co/RCsJ7Xm4aU,facebook fb breakout stats,neutral,0.0,FB
1459,1387581380817604610,2021-04-29 01:35:55+00:00,Apple $AAPL breakout stats https://t.co/HgxN3aTroP,apple aapl breakout stats,neutral,0.0,AAPL
1493,1385702658384687105,2021-04-23 21:10:33+00:00,What usually happens after Apple $AAPL breaks out? https://t.co/HgxN3aTroP,usually happens apple aapl breaks,negative,-0.25,AAPL
1520,1384615561988956166,2021-04-20 21:10:49+00:00,What usually happens after Facebook $FB breaks out? https://t.co/RCsJ7Xm4aU,usually happens facebook fb breaks,negative,-0.25,FB
1528,1384320881602666498,2021-04-20 01:39:52+00:00,What usually happens after Apple $AAPL breaks out? https://t.co/HgxN3aTroP,usually happens apple aapl breaks,negative,-0.25,AAPL
1530,1384220546234150913,2021-04-19 19:01:10+00:00,Big volume breakouts https://t.co/hmDmGq6A5g $MANU $AAPL,big volume breakouts manu aapl,neutral,0.0,AAPL
1566,1382303662446284802,2021-04-14 12:04:09+00:00,What usually happens after Facebook $FB breaks out? https://t.co/RCsJ7Xm4aU,usually happens facebook fb breaks,negative,-0.25,FB
1591,1380773550064160771,2021-04-10 06:44:02+00:00,Facebook $FB breakout stats https://t.co/RCsJ7Xm4aU,facebook fb breakout stats,neutral,0.0,FB
1594,1380628630275940358,2021-04-09 21:08:10+00:00,"$FUBO, $AFMD, $SNAP, $CELC, $FBIO, $PFE hit new breakout highs  https://t.co/qwCj3iCBfg",fubo afmd snap celc fbio pfe hit new breakout highs,positive,0.1481818181818182,FB
1629,1379179013298483200,2021-04-05 21:07:55+00:00,What usually happens after Apple $AAPL breaks out? https://t.co/HgxN3aTroP,usually happens apple aapl breaks,negative,-0.25,AAPL
1667,1376854604571320325,2021-03-30 11:11:33+00:00,Apple $AAPL breakout stats https://t.co/HgxN3aTroP,apple aapl breakout stats,neutral,0.0,AAPL
1691,1375301129194463233,2021-03-26 04:18:35+00:00,Apple $AAPL breakout stats https://t.co/HgxN3aTroP,apple aapl breakout stats,neutral,0.0,AAPL
1698,1374834460533813251,2021-03-24 21:24:13+00:00,Facebook $FB breakout stats https://t.co/RCsJ7Xm4aU,facebook fb breakout stats,neutral,0.0,FB
1707,1374468637348655107,2021-03-23 21:10:34+00:00,Apple $AAPL breakout stats https://t.co/HgxN3aTroP,apple aapl breakout stats,neutral,0.0,AAPL
1713,1374246619634233346,2021-03-23 06:28:21+00:00,Facebook $FB breakout stats https://t.co/RCsJ7Xm4aU,facebook fb breakout stats,neutral,0.0,FB
1747,1372148274849746948,2021-03-17 11:30:16+00:00,What usually happens after Apple $AAPL breaks out? https://t.co/HgxN3aTroP,usually happens apple aapl breaks,negative,-0.25,AAPL
1774,1370497706397888512,2021-03-12 22:11:30+00:00,What usually happens after Apple $AAPL breaks out? https://t.co/HgxN3aTroP,usually happens apple aapl breaks,negative,-0.25,AAPL
1800,1369415476263194630,2021-03-09 22:31:06+00:00,Apple $AAPL breakout stats https://t.co/HgxN3bb2Np,apple aapl breakout stats,neutral,0.0,AAPL
1806,1369193521832292356,2021-03-09 07:49:08+00:00,Apple $AAPL breakout stats https://t.co/HgxN3aTroP,apple aapl breakout stats,neutral,0.0,AAPL
1835,1367460558627213312,2021-03-04 13:02:58+00:00,What usually happens after Apple $AAPL breaks out? https://t.co/HgxN3aTroP,usually happens apple aapl breaks,negative,-0.25,AAPL
1838,1367290700786659328,2021-03-04 01:48:00+00:00,Facebook $FB breakout stats https://t.co/RCsJ7Xm4aU,facebook fb breakout stats,neutral,0.0,FB
1890,1364582119817682948,2021-02-24 14:25:04+00:00,What usually happens after Apple $AAPL breaks out? https://t.co/HgxN3aTroP,usually happens apple aapl breaks,negative,-0.25,AAPL
1903,1363972777129115649,2021-02-22 22:03:46+00:00,"$VALE, $QQQ, $NNDM, $AAPL, $PBR breaking down to new lows https://t.co/QwuvEYCya1",vale qqq nndm aapl pbr breaking new lows,positive,0.06818181818181818,AAPL
1922,1362625920197005315,2021-02-19 04:51:50+00:00,What usually happens after Apple $AAPL breaks out? https://t.co/HgxN3aTroP,usually happens apple aapl breaks,negative,-0.25,AAPL
1930,1362307746716999684,2021-02-18 07:47:31+00:00,What usually happens after Facebook $FB breaks out? https://t.co/RCsJ7Xm4aU,usually happens facebook fb breaks,negative,-0.25,FB
1938,1362017855298920451,2021-02-17 12:35:36+00:00,What usually happens after Apple $AAPL breaks out? https://t.co/HgxN3aTroP,usually happens apple aapl breaks,negative,-0.25,AAPL
1961,1360217499241906178,2021-02-12 13:21:38+00:00,Facebook $FB breakout stats https://t.co/RCsJ7Xm4aU,facebook fb breakout stats,neutral,0.0,FB
1987,1359123899594596354,2021-02-09 12:56:03+00:00,What usually happens after Apple $AAPL breaks out? https://t.co/HgxN3aTroP,usually happens apple aapl breaks,negative,-0.25,AAPL
2005,1357878616302911489,2021-02-06 02:27:44+00:00,Apple $AAPL breakout stats https://t.co/HgxN3aTroP,apple aapl breakout stats,neutral,0.0,AAPL
2105,1352801117625741313,2021-01-23 02:11:34+00:00,What usually happens after Facebook $FB breaks out? https://t.co/RCsJ7Xm4aU,usually happens facebook fb breaks,negative,-0.25,FB
2115,1352376615758557185,2021-01-21 22:04:45+00:00,What usually happens after Apple $AAPL breaks out? https://t.co/HgxN3aTroP,usually happens apple aapl breaks,negative,-0.25,AAPL
2143,1350343211953242113,2021-01-16 07:24:44+00:00,What usually happens after Facebook $FB breaks out? https://t.co/RCsJ7Xm4aU,usually happens facebook fb breaks,negative,-0.25,FB
2150,1349962125502894085,2021-01-15 06:10:26+00:00,What usually happens after Apple $AAPL breaks out? https://t.co/HgxN3aTroP,usually happens apple aapl breaks,negative,-0.25,AAPL
2158,1349616436340117505,2021-01-14 07:16:47+00:00,Facebook $FB breakout stats https://t.co/RCsJ7Xm4aU,facebook fb breakout stats,neutral,0.0,FB
2185,1347806911031230467,2021-01-09 07:26:23+00:00,Apple $AAPL breakout stats https://t.co/HgxN3aTroP,apple aapl breakout stats,neutral,0.0,AAPL
2193,1347519588741783553,2021-01-08 12:24:40+00:00,Apple $AAPL breakout stats https://t.co/HgxN3aTroP,apple aapl breakout stats,neutral,0.0,AAPL
2223,1346277666287095808,2021-01-05 02:09:42+00:00,"$AAPL, $IWM, $FUBO, $F, $GNW breaking down to new lows https://t.co/QwuvEYCya1",aapl iwm fubo f gnw breaking new lows,positive,0.06818181818181818,AAPL
2244,1344637170913447936,2020-12-31 13:30:58+00:00,Facebook $FB breakout stats https://t.co/RCsJ7Xm4aU,facebook fb breakout stats,neutral,0.0,FB
2289,1341867507603308544,2020-12-23 22:05:19+00:00,What usually happens after Apple $AAPL breaks out? https://t.co/HgxN3aTroP,usually happens apple aapl breaks,negative,-0.25,AAPL
2295,1341650302643044354,2020-12-23 07:42:13+00:00,Apple $AAPL breakout stats https://t.co/HgxN3aTroP,apple aapl breakout stats,neutral,0.0,AAPL
2369,1337661888625135621,2020-12-12 07:33:41+00:00,What usually happens after Apple $AAPL breaks out? https://t.co/HgxN3aTroP,usually happens apple aapl breaks,negative,-0.25,AAPL
2422,1334982454797500417,2020-12-04 22:06:34+00:00,What usually happens after Facebook $FB breaks out? https://t.co/RCsJ7Xm4aU,usually happens facebook fb breaks,negative,-0.25,FB
2445,1333961100446973955,2020-12-02 02:28:04+00:00,What usually happens after Apple $AAPL breaks out? https://t.co/HgxN3aTroP,usually happens apple aapl breaks,negative,-0.25,AAPL
2450,1333669086576869376,2020-12-01 07:07:43+00:00,Apple $AAPL breakout stats https://t.co/HgxN3aTroP,apple aapl breakout stats,neutral,0.0,AAPL
2466,1332545031257812994,2020-11-28 04:41:07+00:00,What usually happens after Apple $AAPL breaks out? https://t.co/HgxN3aTroP,usually happens apple aapl breaks,negative,-0.25,AAPL
2474,1331874289130213376,2020-11-26 08:15:50+00:00,Facebook $FB breakout stats https://t.co/RCsJ7Xm4aU,facebook fb breakout stats,neutral,0.0,FB
2547,1327594807695343617,2020-11-14 12:50:42+00:00,Apple $AAPL breakout stats https://t.co/HgxN3aTroP,apple aapl breakout stats,neutral,0.0,AAPL
2582,1326144929324625920,2020-11-10 12:49:24+00:00,What usually happens after Apple $AAPL breaks out? https://t.co/HgxN3aTroP,usually happens apple aapl breaks,negative,-0.25,AAPL
2607,1324614499387674624,2020-11-06 07:28:01+00:00,Apple $AAPL breakout stats https://t.co/HgxN3aTroP,apple aapl breakout stats,neutral,0.0,AAPL
2625,1323908844141965314,2020-11-04 08:44:00+00:00,What usually happens after Apple $AAPL breaks out? https://t.co/HgxN3aTroP,usually happens apple aapl breaks,negative,-0.25,AAPL
2665,1321781932477149184,2020-10-29 11:52:24+00:00,Apple $AAPL breakout stats https://t.co/HgxN3aTroP,apple aapl breakout stats,neutral,0.0,AAPL
2698,1319896055698264064,2020-10-24 06:58:36+00:00,Facebook $FB breakout stats https://t.co/RCsJ7Xm4aU,facebook fb breakout stats,neutral,0.0,FB
2836,1313224150421401600,2020-10-05 21:06:50+00:00,Facebook $FB breakout stats https://t.co/RCsJ7Xm4aU,facebook fb breakout stats,neutral,0.0,FB
2850,1312136707148410882,2020-10-02 21:05:43+00:00,What usually happens after Apple $AAPL breaks out? https://t.co/HgxN3aTroP,usually happens apple aapl breaks,negative,-0.25,AAPL
2868,1311412661700063232,2020-09-30 21:08:38+00:00,"$ITRM, $AAPL hit new breakout highs  https://t.co/qwCj3iCBfg",itrm aapl hit new breakout highs,positive,0.1481818181818182,AAPL
2873,1311273700663025664,2020-09-30 11:56:27+00:00,Apple $AAPL breakout stats https://t.co/HgxN3aTroP,apple aapl breakout stats,neutral,0.0,AAPL
2882,1310825530741067776,2020-09-29 06:15:35+00:00,Apple $AAPL breakout stats https://t.co/HgxN3aTroP,apple aapl breakout stats,neutral,0.0,AAPL
2914,1308977014561550340,2020-09-24 03:50:14+00:00,Apple $AAPL breakout stats https://t.co/HgxN3bb2Np,apple aapl breakout stats,neutral,0.0,AAPL
2958,1306700235838640128,2020-09-17 21:03:08+00:00,Apple $AAPL breakout stats https://t.co/HgxN3aTroP,apple aapl breakout stats,neutral,0.0,AAPL
2984,1305613217796767746,2020-09-14 21:03:42+00:00,What usually happens after Apple $AAPL breaks out? https://t.co/HgxN3aTroP,usually happens apple aapl breaks,negative,-0.25,AAPL
3003,1304390131873267714,2020-09-11 12:03:36+00:00,What usually happens after Apple $AAPL breaks out? https://t.co/HgxN3aTroP,usually happens apple aapl breaks,negative,-0.25,AAPL
3015,1303866643630583809,2020-09-10 01:23:27+00:00,Facebook $FB breakout stats https://t.co/RCsJ7Xm4aU,facebook fb breakout stats,neutral,0.0,FB
3022,1303574015550787584,2020-09-09 06:00:39+00:00,Apple $AAPL breakout stats https://t.co/HgxN3aTroP,apple aapl breakout stats,neutral,0.0,AAPL
3038,1302213813081534465,2020-09-05 11:55:41+00:00,What usually happens after Apple $AAPL breaks out? https://t.co/HgxN3aTroP,usually happens apple aapl breaks,negative,-0.25,AAPL
3151,1296656825186545665,2020-08-21 03:54:12+00:00,What usually happens after Facebook $FB breaks out? https://t.co/RCsJ7Xm4aU,usually happens facebook fb breaks,negative,-0.25,FB
3167,1296054765659406336,2020-08-19 12:01:50+00:00,What usually happens after Apple $AAPL breaks out? https://t.co/HgxN3aTroP,usually happens apple aapl breaks,negative,-0.25,AAPL
3169,1295939239234826241,2020-08-19 04:22:46+00:00,Apple $AAPL breakout stats https://t.co/HgxN3aTroP,apple aapl breakout stats,neutral,0.0,AAPL
3243,1291982287060361216,2020-08-08 06:19:15+00:00,Facebook $FB breakout stats https://t.co/RCsJ7Xm4aU,facebook fb breakout stats,neutral,0.0,FB
