,id,date,raw_txt,clean_tweets,sentiment,sentiment_continuous,BelongsTo
2,1464635663760994314,2021-11-27 16:42:08+00:00,"Former FBI agent of 21 years: These are the 8 biggest ""warning signs"" that reveal a dishonest person. (via @CNBCMakeIt) https://t.co/iGIJ8ynEkL",former fbi agent 21 years 8 biggest warning signs reveal dishonest person via,negative,-0.15,FB
17,1464605180306104320,2021-11-27 14:41:00+00:00,"Apple CEO Tim Cook is anti-mindless scrolling: ""I think it's bad for your mental health."" (via @CNBCMakeIt) https://t.co/iQi4L8sElS",apple ceo tim cook antimindless scrolling think bad mental health via,negative,-0.3999999999999999,AAPL
43,1464548009606361090,2021-11-27 10:53:50+00:00,Amazon wants us to stop talking to Alexa so much. https://t.co/X6bdQtQMDh,amazon wants us stop talking alexa much,positive,0.2,AMZN
44,1464543199238623241,2021-11-27 10:34:43+00:00,"Jeff Bezos hired this Amazon applicant ""on the spot""—here are the 2 interview questions he asked. (via @CNBCMakeIt) https://t.co/3vtQpCIJ9Q",jeff bezos hired amazon applicant spothere 2 interview questions asked via,neutral,0.0,AMZN
78,1464378928324386825,2021-11-26 23:41:58+00:00,Here's how Nike is quietly preparing for the metaverse. https://t.co/W9IAFEaxVe,heres nike quietly preparing metaverse,neutral,0.0,FB
83,1464342427184025606,2021-11-26 21:16:55+00:00,"Former FBI agent of 21 years: These are the 8 biggest ""warning signs"" that reveal a dishonest person. (via @CNBCMakeIt) https://t.co/FFSmyFBgs7",former fbi agent 21 years 8 biggest warning signs reveal dishonest person via,negative,-0.15,FB
110,1464279761719603202,2021-11-26 17:07:54+00:00,"Apple's computerized glasses will be as powerful as a Mac and launch next year, top analyst says https://t.co/Faawsus4Yw",apples computerized glasses powerful mac launch next year top analyst says,positive,0.25,AAPL
127,1464258117236105228,2021-11-26 15:41:54+00:00,Extinction Rebellion target Amazon UK hubs with blockades on Black Friday https://t.co/0aHTxtrcfu,extinction rebellion target amazon uk hubs blockades black friday,negative,-0.2833333333333333,AMZN
133,1464245466418364417,2021-11-26 14:51:38+00:00,Google warns crypto miners are hacking cloud accounts https://t.co/alTe4euYxW,google warns crypto miners hacking cloud accounts,neutral,0.0,GOOGL
157,1464187929589280774,2021-11-26 11:03:00+00:00,"Meet Bert and Ernie, two of Amazon's warehouse robots designed to improve worker safety. https://t.co/hTMogabdgF https://t.co/0SK1ivTAOd",meet bert ernie two amazons warehouse robots designed improve worker safety,neutral,0.0,AMZN
166,1464156175071653891,2021-11-26 08:56:49+00:00,"Jeff Bezos hired this Amazon applicant ""on the spot""—here are the 2 interview questions he asked. (via @CNBCMakeIt) https://t.co/6VES3HLXAr",jeff bezos hired amazon applicant spothere 2 interview questions asked via,neutral,0.0,AMZN
247,1463805333500055555,2021-11-25 09:42:42+00:00,"Apple CEO Tim Cook is anti-mindless scrolling: ""I think it's bad for your mental health."" (via @CNBCMakeIt) https://t.co/oqy3NJMsYt",apple ceo tim cook antimindless scrolling think bad mental health via,negative,-0.3999999999999999,AAPL
253,1463789136679165956,2021-11-25 08:38:20+00:00,"Jeff Bezos hired this Amazon applicant ""on the spot""—here are the 2 interview questions he asked. (via @CNBCMakeIt) https://t.co/zdbf0b2IVk",jeff bezos hired amazon applicant spothere 2 interview questions asked via,neutral,0.0,AMZN
267,1463762352663322632,2021-11-25 06:51:54+00:00,"Former FBI agent of 21 years: These are the 8 biggest ""warning signs"" that reveal a dishonest person. (via @CNBCMakeIt) https://t.co/iUtNuyIdtu",former fbi agent 21 years 8 biggest warning signs reveal dishonest person via,negative,-0.15,FB
268,1463761857370599424,2021-11-25 06:49:56+00:00,"Former FBI agent of 21 years: These are the 8 biggest ""warning signs"" that reveal a dishonest person. (via @CNBCMakeIt) https://t.co/uwmD6PAjzH",former fbi agent 21 years 8 biggest warning signs reveal dishonest person via,negative,-0.15,FB
291,1463716701460221953,2021-11-25 03:50:30+00:00,"Former FBI agent of 21 years: These are the 8 biggest ""warning signs"" that reveal a dishonest person. (via @CNBCMakeIt) https://t.co/D0YaRPZPdb",former fbi agent 21 years 8 biggest warning signs reveal dishonest person via,negative,-0.15,FB
326,1463611933219860485,2021-11-24 20:54:12+00:00,Here's how Nike is quietly preparing for the metaverse. https://t.co/zRieb7ehvJ,heres nike quietly preparing metaverse,neutral,0.0,FB
364,1463554133512839168,2021-11-24 17:04:31+00:00,"Tesla bull Cathie Wood says Apple should've bought the EV pioneer, but 'we're happy they didn't' https://t.co/ytGMdnTA4Y",tesla bull cathie wood says apple shouldve bought ev pioneer happy didnt,neutral,0.0,AAPL
374,1463537866206859275,2021-11-24 15:59:53+00:00,Amazon executive overseeing brick-and-mortar store push departs the company https://t.co/kzXzGt6DnZ,amazon executive overseeing brickandmortar store push departs company,neutral,0.0,AMZN
379,1463522479826251784,2021-11-24 14:58:44+00:00,"Jeff Bezos hired this Amazon applicant ""on the spot""—here are the 2 interview questions he asked. (via @CNBCMakeIt) https://t.co/WLakuXqMVF",jeff bezos hired amazon applicant spothere 2 interview questions asked via,neutral,0.0,AMZN
416,1463419113192103936,2021-11-24 08:08:00+00:00,Here's how lithium metal batteries could help bring electric planes and cars to the masses. Watch the full video: https://t.co/Jeva5b1Mke https://t.co/a7vUmyxDth,heres lithium metal batteries could help bring electric planes cars masses watch full video,positive,0.35,FB
441,1463335984968384513,2021-11-24 02:37:40+00:00,New for subscribers: Morgan Stanley names the stocks to watch as luxury brands enter the metaverse. Check out @CNBCPro today. https://t.co/bqzIh6vHg2,new subscribers morgan stanley names stocks watch luxury brands enter metaverse check today,positive,0.13636363636363635,FB
443,1463328579413024772,2021-11-24 02:08:15+00:00,"Former FBI agent of 21 years: These are the 8 biggest ""warning signs"" that reveal a dishonest person. (via @CNBCMakeIt) https://t.co/e86Ot1p8vL",former fbi agent 21 years 8 biggest warning signs reveal dishonest person via,negative,-0.15,FB
466,1463286298689642500,2021-11-23 23:20:14+00:00,Jim Cramer says buy these best-of-breed tech stocks first as Nasdaq gets hit https://t.co/lC7IbwJxsC,cramer says buy bestofbreed tech stocks first nasdaq gets hit,positive,0.25,FB
490,1463247097457782796,2021-11-23 20:44:28+00:00,Several hundred Google employees sign manifesto against widened vaccine mandate https://t.co/v9CwzA3D3V,several hundred google employees sign manifesto widened vaccine mandate,neutral,0.0,GOOGL
514,1463210346378928130,2021-11-23 18:18:26+00:00,BREAKING: Apple sues Israeli spyware maker NSO Group. @EamonJavers has the details. https://t.co/RjARmhf3EI https://t.co/xLyFuMGYu0,breaking apple sues israeli spyware maker nso group details,neutral,0.0,AAPL
518,1463207762905767944,2021-11-23 18:08:10+00:00,Apple sues company known for hacking iPhones on behalf of governments https://t.co/5ANIHvx2yt,apple sues company known hacking iphones behalf governments,neutral,0.0,AAPL
521,1463206322564997125,2021-11-23 18:02:27+00:00,"The Justice Department is suing to block a merger of two big sugar companies, warning of price hikes and supply chain strains as the U.S. grapples with inflation https://t.co/0ZOz26t2Uw",justice department suing block merger two big sugar companies warning price hikes supply chain strains us grapples inflation,neutral,0.0,AAPL
536,1463190360222490625,2021-11-23 16:59:01+00:00,"Jeff Bezos hired this Amazon applicant ""on the spot""—here are the 2 interview questions he asked. (via @CNBCMakeIt) https://t.co/hEV9XGJLE0",jeff bezos hired amazon applicant spothere 2 interview questions asked via,neutral,0.0,AMZN
659,1462902514827857929,2021-11-22 21:55:13+00:00,"Jeff Bezos hired this Amazon applicant ""on the spot""—here are the 2 interview questions he asked. (via @CNBCMakeIt) https://t.co/WGcjIJU4LC",jeff bezos hired amazon applicant spothere 2 interview questions asked via,neutral,0.0,AMZN
713,1462824517303418885,2021-11-22 16:45:17+00:00,"Jeff Bezos hired this Amazon applicant ""on the spot""—here are the 2 interview questions he asked. (via @CNBCMakeIt) https://t.co/EOZ9feWPtz",jeff bezos hired amazon applicant spothere 2 interview questions asked via,neutral,0.0,AMZN
715,1462822389952167944,2021-11-22 16:36:50+00:00,These smart glasses offer a glimpse at the future Apple and Facebook are planning https://t.co/toHW4G9fzf,smart glasses offer glimpse future apple facebook planning,positive,0.21428571428571427,AAPL
731,1462800347248959497,2021-11-22 15:09:14+00:00,Execs seemed confused about the metaverse on Q3 earnings calls https://t.co/XTljmsBKRa,execs seemed confused metaverse q3 earnings calls,neutral,0.0,FB
736,1462795438625636360,2021-11-22 14:49:44+00:00,"Apple CEO Tim Cook is anti-mindless scrolling: ""I think it's bad for your mental health."" (via @CNBCMakeIt) https://t.co/e9g0rcwALW",apple ceo tim cook antimindless scrolling think bad mental health via,negative,-0.3999999999999999,AAPL
738,1462791997081767947,2021-11-22 14:36:04+00:00,"Former FBI agent of 21 years: These are the 8 biggest ""warning signs"" that reveal a dishonest person. (via @CNBCMakeIt) https://t.co/JTLku5caWT",former fbi agent 21 years 8 biggest warning signs reveal dishonest person via,negative,-0.15,FB
825,1462496785969168386,2021-11-21 19:03:00+00:00,"Ever wondered what it would be like to own a championship-winning racehorse? Well, now you can — in the metaverse. @CNBCTechCheck takes you to the digital racetrack for this race to the finish with @dee_bosa and @thisfahiemah. https://t.co/CbJxdy8kSV https://t.co/Wk1INaA0zL",ever wondered would like championshipwinning racehorse well metaverse takes digital racetrack race finish,neutral,0.0,FB
829,1462477659867430920,2021-11-21 17:47:00+00:00,"As fabless manufacturing companies like Apple, Qualcomm and Nvidia took off, TSMC found itself on a flywheel, making more and more of the world's chips. Watch the full video here to learn more: https://t.co/00keVTCxah https://t.co/mZg9TzZrEG",fabless manufacturing companies like apple qualcomm nvidia took tsmc found flywheel making worlds chips watch full video learn,positive,0.35,AAPL
839,1462433661354192896,2021-11-21 14:52:10+00:00,"Jeff Bezos hired this Amazon applicant ""on the spot""—here are the 2 interview questions he asked. (via @CNBCMakeIt) https://t.co/KUOArFaF4X",jeff bezos hired amazon applicant spothere 2 interview questions asked via,neutral,0.0,AMZN
878,1462356296569659395,2021-11-21 09:44:45+00:00,"The metaverse is investable — and it's going to be big, says tech billionaire https://t.co/sdzRIRxMcj",metaverse investable going big says tech billionaire,neutral,0.0,FB
884,1462342378925219852,2021-11-21 08:49:26+00:00,Apple is sticking taxpayers with part of the bill for rollout of tech giant's digital ID card https://t.co/8USbsXlKPB,apple sticking taxpayers part bill rollout tech giants digital id card,neutral,0.0,AAPL
886,1462337877359083520,2021-11-21 08:31:33+00:00,"Jeff Bezos hired this Amazon applicant ""on the spot""—here are the 2 interview questions he asked. (via @CNBCMakeIt) https://t.co/W7IaQLrPcz",jeff bezos hired amazon applicant spothere 2 interview questions asked via,neutral,0.0,AMZN
900,1462308122865946625,2021-11-21 06:33:19+00:00,"Former FBI agent of 21 years: These are the 8 biggest ""warning signs"" that reveal a dishonest person. (via @CNBCMakeIt) https://t.co/0gYQIPlpHJ",former fbi agent 21 years 8 biggest warning signs reveal dishonest person via,negative,-0.15,FB
910,1462287608743178242,2021-11-21 05:11:48+00:00,"Former FBI agent of 21 years: These are the 8 biggest ""warning signs"" that reveal a dishonest person. (via @CNBCMakeIt) https://t.co/WIGgcCO8Kj",former fbi agent 21 years 8 biggest warning signs reveal dishonest person via,negative,-0.15,FB
929,1462234054313459715,2021-11-21 01:39:00+00:00,"Meet Bert and Ernie, two of Amazon's warehouse robots designed to improve worker safety. https://t.co/hTMogabdgF https://t.co/MZ9nBerGqL",meet bert ernie two amazons warehouse robots designed improve worker safety,neutral,0.0,AMZN
931,1462229032070795274,2021-11-21 01:19:02+00:00,"Jeff Bezos hired this Amazon applicant ""on the spot""—here are the 2 interview questions he asked. (via @CNBCMakeIt) https://t.co/o79Yse5Ert",jeff bezos hired amazon applicant spothere 2 interview questions asked via,neutral,0.0,AMZN
945,1462189543965265925,2021-11-20 22:42:08+00:00,"Former FBI agent of 21 years: These are the 8 biggest ""warning signs"" that reveal a dishonest person. (via @CNBCMakeIt) https://t.co/1K0aDQz5CZ",former fbi agent 21 years 8 biggest warning signs reveal dishonest person via,negative,-0.15,FB
952,1462171696228614147,2021-11-20 21:31:12+00:00,"Former FBI agent of 21 years: These are the 8 biggest ""warning signs"" that reveal a dishonest person. (via @CNBCMakeIt) https://t.co/KFF2vlwC0b",former fbi agent 21 years 8 biggest warning signs reveal dishonest person via,negative,-0.15,FB
960,1462154083326910477,2021-11-20 20:21:13+00:00,"Apple CEO Tim Cook is anti-mindless scrolling: ""I think it's bad for your mental health."" (via @CNBCMakeIt) https://t.co/PqsShr4sRy",apple ceo tim cook antimindless scrolling think bad mental health via,negative,-0.3999999999999999,AAPL
981,1462104288709206019,2021-11-20 17:03:21+00:00,Global executives wax poetic on the metaverse during third quarter earnings conference calls https://t.co/ZCWM1yAmxE,global executives wax poetic metaverse third quarter earnings conference calls,positive,0.125,FB
989,1462086549869322249,2021-11-20 15:52:52+00:00,Amazon wants us to stop talking to Alexa so much. https://t.co/xG3gn3v2vu,amazon wants us stop talking alexa much,positive,0.2,AMZN
994,1462079788068352002,2021-11-20 15:26:00+00:00,"Meet Bert and Ernie, two of Amazon's warehouse robots designed to improve worker safety. https://t.co/hTMogasOFf https://t.co/eRJjChIcQl",meet bert ernie two amazons warehouse robots designed improve worker safety,neutral,0.0,AMZN
998,1462074362287304715,2021-11-20 15:04:26+00:00,These smart glasses offer a glimpse at the future Apple and Facebook are planning https://t.co/T5W9KU4gqK,smart glasses offer glimpse future apple facebook planning,positive,0.21428571428571427,AAPL
1004,1462066722731614211,2021-11-20 14:34:05+00:00,"In Mark Zuckerberg's metaverse, how will the world of advertisements look? https://t.co/lsmloc0cuf",mark zuckerbergs metaverse world advertisements look,neutral,0.0,FB
1025,1462028118156263426,2021-11-20 12:00:41+00:00,Here's how Nike is quietly preparing for the metaverse. https://t.co/QpW81qpfrA,heres nike quietly preparing metaverse,neutral,0.0,FB
1035,1461988990656163842,2021-11-20 09:25:12+00:00,"Jeff Bezos hired this Amazon applicant ""on the spot""—here are the 2 interview questions he asked. (via @CNBCMakeIt) https://t.co/FwXf3rnDSU",jeff bezos hired amazon applicant spothere 2 interview questions asked via,neutral,0.0,AMZN
1041,1461960064231776257,2021-11-20 07:30:15+00:00,"Your resume has 6 seconds to impress a hiring manager, says ex-Amazon recruiter. Here are 3 tips to nail it. (via @CNBCMakeIt) https://t.co/pD0TdZbMLB",resume 6 seconds impress hiring manager says examazon recruiter 3 tips nail via,neutral,0.0,AMZN
1076,1461849269166645255,2021-11-20 00:10:00+00:00,"Car manufacturers like Tesla are embracing cobalt-free batteries. While the metal increases battery life and energy density, cobalt is expensive, making up 30% of an EV's total cost. Why else are tech companies and start-ups working to eliminate cobalt? https://t.co/sSPwRqvOWV https://t.co/TImHsdhNx9",car manufacturers like tesla embracing cobaltfree batteries metal increases battery life energy density cobalt expensive making 30 evs total cost else tech companies startups working eliminate cobalt,neutral,0.0,FB
1079,1461842989832192003,2021-11-19 23:45:03+00:00,Nvidia CEO says the metaverse could save companies billions of dollars in the real world https://t.co/sErFIt7gAG,nvidia ceo says metaverse could save companies billions dollars real world,positive,0.2,FB
1091,1461826871495114758,2021-11-19 22:41:00+00:00,".@amazon is spending big bucks to keep deliveries on time and prevent driver burnout, as it faces a record number of deliveries this holiday season. @FrankCNBC reports from an Amazon warehouse in New Jersey, which alone will deliver 50,000 packages a day. https://t.co/JqW42QJII9 https://t.co/mXEBZyq8rW",spending big bucks keep deliveries time prevent driver burnout faces record number deliveries holiday season reports amazon warehouse new jersey alone deliver 50000 packages day,positive,0.06818181818181818,AMZN
1128,1461756729348304901,2021-11-19 18:02:17+00:00,Apple shares hit record after report says company wants to build self-driving car as soon as 2025 https://t.co/n5LiFsu9yP,apple shares hit record report says company wants build selfdriving car soon 2025,neutral,0.0,AAPL
1137,1461745839202832388,2021-11-19 17:19:00+00:00,"FBI searched New Jersey former landfill for body of Jimmy Hoffa, long-missing Teamsters union chief https://t.co/n3ilZHs7e3",fbi searched new jersey former landfill body jimmy hoffa longmissing teamsters union chief,positive,0.06818181818181818,FB
1140,1461743174951518208,2021-11-19 17:08:25+00:00,The Amazon lobbyists who kill U.S. consumer privacy protections https://t.co/uHPMqmb6e6,amazon lobbyists kill us consumer privacy protections,neutral,0.0,AMZN
1144,1461741353088520202,2021-11-19 17:01:11+00:00,"Pentagon asks Amazon, Google, Microsoft and Oracle for bids on new cloud contracts https://t.co/xyNYWsfwx6",pentagon asks amazon google microsoft oracle bids new cloud contracts,positive,0.13636363636363635,AMZN
1163,1461717311317065729,2021-11-19 15:25:39+00:00,Apple will sell parts so you can fix your iPhone or Mac in an apparent big win for right-to-repair advocates https://t.co/D22an5NphP,apple sell parts fix iphone mac apparent big win righttorepair advocates,positive,0.4,AAPL
1185,1461699845782179848,2021-11-19 14:16:14+00:00,"Analyst call of the day for @CNBCPro subscribers: Morgan Stanley reiterates Amazon as overweight and says it still sees underappreciated aspects of the company.

Subscribe to see the analyst calls of the day curated by CNBC Pro. https://t.co/lPVfYF9y1Z",analyst call day subscribers morgan stanley reiterates amazon overweight says still sees underappreciated aspects company subscribe see analyst calls day curated cnbc pro,neutral,0.0,AMZN
1186,1461699219732017156,2021-11-19 14:13:45+00:00,"Deforestation in Brazil’s Amazon rainforest hits 15-year high, data shows https://t.co/iFGGORl9by",deforestation brazils amazon rainforest hits 15year high data shows,positive,0.16,AMZN
1193,1461692983561146372,2021-11-19 13:48:58+00:00,"New for subscribers: Here are Friday's biggest analyst calls of the day: Tesla, Amazon, Plug Power, Delta &amp; more. Check out @CNBCPro today. https://t.co/eQhh9GDcSR",new subscribers fridays biggest analyst calls day tesla amazon plug power delta amp check today,positive,0.13636363636363635,AMZN
1204,1461681577398874113,2021-11-19 13:03:39+00:00,How Apple’s record rally paves the way for a year-end market surge: Miller Tabak (via @TradingNation) https://t.co/IWzrBlVG0w,apples record rally paves way yearend market surge miller tabak via,neutral,0.0,AAPL
1210,1461670323040964608,2021-11-19 12:18:56+00:00,"New for subscribers: A potential Apple car is the 'ultimate EV bear case' for other companies, says Morgan Stanley's Jonas. Check out @CNBCPro today. https://t.co/oVvyJ7TSV8",new subscribers potential apple car ultimate ev bear case companies says morgan stanleys jonas check today,positive,0.13636363636363635,AAPL
1213,1461660127602294784,2021-11-19 11:38:25+00:00,Google's Australia investment could be a big boost for the nation's A.I. scene https://t.co/dZLlUI9mHy,googles australia investment could big boost nations scene,neutral,0.0,GOOGL
1251,1461519345062793226,2021-11-19 02:19:00+00:00,How Apple gets you to spend money: https://t.co/D8KlygJvi0 (via @CNBCMakeIt) https://t.co/tlGkRzJ2eK,apple gets spend money via,neutral,0.0,AAPL
1276,1461472033359990785,2021-11-18 23:11:00+00:00,"Ever wondered what it would be like to own a championship-winning racehorse? Well, now you can — in the metaverse. @CNBCTechCheck takes you to the digital racetrack for this race to the finish with @dee_bosa and @thisfahiemah. https://t.co/CbJxdy8kSV https://t.co/SjCo1oJ3Iy",ever wondered would like championshipwinning racehorse well metaverse takes digital racetrack race finish,neutral,0.0,FB
1286,1461456682249240580,2021-11-18 22:10:00+00:00,"As fabless manufacturing companies like Apple, Qualcomm and Nvidia took off, TSMC found itself on a flywheel, making more and more of the world's chips. Watch the full video here to learn more: https://t.co/00keVTCxah https://t.co/dnycDXoUhb",fabless manufacturing companies like apple qualcomm nvidia took tsmc found flywheel making worlds chips watch full video learn,positive,0.35,AAPL
1292,1461445452440772614,2021-11-18 21:25:22+00:00,Starbucks and Amazon are opening cashierless coffee shop in Manhattan. Take a look inside. 👀 https://t.co/WGbQGMCf7N https://t.co/qHtWCpdJZj,starbucks amazon opening cashierless coffee shop manhattan look inside,neutral,0.0,AMZN
1302,1461428496492740609,2021-11-18 20:18:00+00:00,".@nvidia is marrying digital and physical reality like no other, says Josh Brown, CEO of @RitholtzWealth. ""Revenue growth of [55%] for a company of this size year over year is crazy... They're going to have the must-use platform for metaverse."" https://t.co/HJQHASX9Dk https://t.co/ITrCqqZ50j",marrying digital physical reality like says josh brown ceo revenue growth 55 company size year year crazy theyre going mustuse platform metaverse,neutral,0.0,FB
1312,1461417615776231424,2021-11-18 19:34:46+00:00,Op-ed: What you hear about Covid in the Metaverse should scare you https://t.co/SyzBIMTrfI,oped hear covid metaverse scare,neutral,0.0,FB
1330,1461391423949922305,2021-11-18 17:50:41+00:00,"Amazon to stop accepting Visa credit cards issued in the UK, citing high fees https://t.co/FIFqp06bNu",amazon stop accepting visa credit cards issued uk citing high fees,positive,0.16,AMZN
1337,1461379635745284096,2021-11-18 17:03:50+00:00,Liberty Media's John Malone says he tried to buy Netflix when it was trading at a mere $8 per share https://t.co/gr5DrT6WYs,liberty medias john says tried buy netflix trading mere 8 share,negative,-0.5,NFLX
1338,1461378761845354502,2021-11-18 17:00:22+00:00,Apple will sell parts so you can fix your iPhone or Mac in an apparent big win for right-to-repair advocates https://t.co/QezFj0xL24,apple sell parts fix iphone mac apparent big win righttorepair advocates,positive,0.4,AAPL
1345,1461363281788948498,2021-11-18 15:58:51+00:00,"Former FBI agent of 21 years: These are the 8 biggest ""warning signs"" that reveal a dishonest person. (via @CNBCMakeIt) https://t.co/AEwcMom8Am",former fbi agent 21 years 8 biggest warning signs reveal dishonest person via,negative,-0.15,FB
1373,1461336976884482062,2021-11-18 14:14:20+00:00,"Analyst call of the day for @CNBCPro subscribers: Jefferies kept its buy rating on shares of Amazon and said the stock is well positioned heading into the holiday season.

Subscribe to see the analyst calls of the day curated by CNBC Pro. https://t.co/I6355wd8ct",analyst call day subscribers jefferies kept buy rating shares amazon said stock well positioned heading holiday season subscribe see analyst calls day curated cnbc pro,neutral,0.0,AMZN
1376,1461329372917473282,2021-11-18 13:44:07+00:00,"New for subscribers: Here are Thursday's biggest analyst calls of the day: Amazon, Deere, Square, Uber, Dick's Sporting Goods &amp; more. Check out @CNBCPro today. https://t.co/LtPMqLrmIh",new subscribers thursdays biggest analyst calls day amazon deere square uber dicks sporting goods amp check today,positive,0.41818181818181815,AMZN
1387,1461317371541532675,2021-11-18 12:56:25+00:00,"Fund manager explains why he's still short Tesla, Ark ETF and Facebook https://t.co/piNaCInpDK",fund manager explains hes still short tesla ark etf facebook,neutral,0.0,FB
1388,1461317056901619715,2021-11-18 12:55:10+00:00,New for subscribers: Morgan Stanley sets Street-high price target on Roblox as metaverse trend gains steam. Check out @CNBCPro today. https://t.co/Ftr1vp7LZA,new subscribers morgan stanley sets streethigh price target roblox metaverse trend gains steam check today,positive,0.13636363636363635,FB
1409,1461273646593368073,2021-11-18 10:02:41+00:00,Starbucks and Amazon are opening cashierless coffee shop in Manhattan. Take a look inside https://t.co/9vNwU8i6rf,starbucks amazon opening cashierless coffee shop manhattan look inside,neutral,0.0,AMZN
1415,1461246446339035137,2021-11-18 08:14:36+00:00,"Former FBI agent of 21 years: These are the 8 biggest ""warning signs"" that reveal a dishonest person. (via @CNBCMakeIt) https://t.co/CxN5uOEZtm",former fbi agent 21 years 8 biggest warning signs reveal dishonest person via,negative,-0.15,FB
1476,1461101233780015107,2021-11-17 22:37:34+00:00,"Amazon to stop accepting Visa credit cards issued in the UK, citing high fees https://t.co/DXtfdjitTj",amazon stop accepting visa credit cards issued uk citing high fees,positive,0.16,AMZN
1501,1461064095537455111,2021-11-17 20:10:00+00:00,"Car manufacturers like Tesla are embracing cobalt-free batteries. While the metal increases battery life and energy density, cobalt is expensive, making up 30% of an EV's total cost. Why else are tech companies and start-ups working to eliminate cobalt? https://t.co/sSPwRqvOWV https://t.co/tPrjl1etZW",car manufacturers like tesla embracing cobaltfree batteries metal increases battery life energy density cobalt expensive making 30 evs total cost else tech companies startups working eliminate cobalt,neutral,0.0,FB
1576,1460979734205145101,2021-11-17 14:34:46+00:00,Apple will sell you parts so you can fix your iPhone or Mac https://t.co/PZntiw0L4m,apple sell parts fix iphone mac,neutral,0.0,AAPL
1586,1460967578550030337,2021-11-17 13:46:28+00:00,"New for subscribers: Here are Wednesday's biggest analyst calls of the day: Apple, Peloton, Qualcomm, Roku, Roblox &amp; more. Check out @CNBCPro today. https://t.co/WGSZbwqluM",new subscribers wednesdays biggest analyst calls day apple peloton qualcomm roku roblox amp check today,positive,0.13636363636363635,AAPL
1606,1460935894349881345,2021-11-17 11:40:34+00:00,"New for subscribers: Goldman names Amazon a top pick for 2022, says rising labor costs are already priced in. Check out @CNBCPro today. https://t.co/2iRvrt7JDJ",new subscribers goldman names amazon top pick 2022 says rising labor costs already priced check today,positive,0.3181818181818182,AMZN
1614,1460912837442908163,2021-11-17 10:08:57+00:00,"Amazon to stop accepting Visa credit cards issued in the UK, citing high fees https://t.co/TICmVkRcnA",amazon stop accepting visa credit cards issued uk citing high fees,positive,0.16,AMZN
1643,1460802415347781635,2021-11-17 02:50:10+00:00,"Former FBI agent of 21 years: These are the 8 biggest ""warning signs"" that reveal a dishonest person. (via @CNBCMakeIt) https://t.co/adGCTc5d1f",former fbi agent 21 years 8 biggest warning signs reveal dishonest person via,negative,-0.15,FB
1646,1460792304516710406,2021-11-17 02:10:00+00:00,"Meet Bert and Ernie, two of Amazon's warehouse robots designed to improve worker safety. https://t.co/hTMogasOFf https://t.co/lhoEgHB0K9",meet bert ernie two amazons warehouse robots designed improve worker safety,neutral,0.0,AMZN
1673,1460736366598369280,2021-11-16 22:27:43+00:00,"Jeff Bezos hired this Amazon applicant ""on the spot""—here are the 2 interview questions he asked. (via @CNBCMakeIt) https://t.co/Hwb5BFpzo9",jeff bezos hired amazon applicant spothere 2 interview questions asked via,neutral,0.0,AMZN
1678,1460725473865084942,2021-11-16 21:44:26+00:00,Shopping Black Friday sales at Apple? The best ways to pay (via @ShopwithSelect) https://t.co/zLoVNbUOqg,shopping black friday sales apple best ways pay via,positive,0.4166666666666667,AAPL
1706,1460691447859003399,2021-11-16 19:29:14+00:00,Qualcomm hits record high after it tells investors it will grow without Apple https://t.co/gj4EyhrrHc,qualcomm hits record high tells investors grow without apple,positive,0.16,AAPL
1741,1460641923820146689,2021-11-16 16:12:26+00:00,New for subscribers: Playing the metaverse: Morgan Stanley's stock picks for the $8 trillion opportunity. Check out @CNBCPro today. https://t.co/oInhrIHCTz,new subscribers playing metaverse morgan stanleys stock picks 8 trillion opportunity check today,positive,0.13636363636363635,FB
1743,1460640558154715146,2021-11-16 16:07:01+00:00,".@MadMoneyOnCNBC's @JimCramer looks at tech stocks to own in AI, the metaverse, electric vehicles and fintech https://t.co/kJ11CInvt9",looks tech stocks metaverse electric vehicles fintech,neutral,0.0,FB
1778,1460604478911094784,2021-11-16 13:43:39+00:00,"New for subscribers: Here are Tuesday's biggest analyst calls of the day: Apple, Chevron, PayPal, Callaway Golf &amp; more. Check out @CNBCPro today. https://t.co/5kXCOIemzb",new subscribers tuesdays biggest analyst calls day apple chevron paypal callaway golf amp check today,positive,0.13636363636363635,AAPL
1849,1460418498098835458,2021-11-16 01:24:37+00:00,"Cramer looks at tech stocks to own in AI, the metaverse, electric vehicles and fintech https://t.co/GLNeH2tpbS",cramer looks tech stocks metaverse electric vehicles fintech,neutral,0.0,FB
1855,1460407770533007373,2021-11-16 00:42:00+00:00,Here's how lithium metal batteries could help bring electric planes and cars to the masses. Watch the full video: https://t.co/Jeva5aKbsG https://t.co/J4tESErgmn,heres lithium metal batteries could help bring electric planes cars masses watch full video,positive,0.35,FB
1856,1460407404332519429,2021-11-16 00:40:32+00:00,"Jeff Bezos hired this Amazon applicant ""on the spot""—here are the 2 interview questions he asked. (via @CNBCMakeIt) https://t.co/FW5f4p0Mhp",jeff bezos hired amazon applicant spothere 2 interview questions asked via,neutral,0.0,AMZN
1859,1460402461399736324,2021-11-16 00:20:54+00:00,Amazon settles with California over claims it concealed Covid-19 cases from warehouse workers https://t.co/wijbMQZXaf,amazon settles california claims concealed covid19 cases warehouse workers,neutral,0.0,AMZN
1880,1460373675409035264,2021-11-15 22:26:31+00:00,Google's pursuit of military cloud deal was among top issues at last week's all-staff meeting https://t.co/VtV6rKB34d,googles pursuit military cloud deal among top issues last weeks allstaff meeting,positive,0.25,GOOGL
1897,1460351859080810507,2021-11-15 20:59:49+00:00,"Former FBI agent of 21 years: These are the 8 biggest ""warning signs"" that reveal a dishonest person. (via @CNBCMakeIt) https://t.co/fFJgaIfYJu",former fbi agent 21 years 8 biggest warning signs reveal dishonest person via,negative,-0.15,FB
1898,1460350288133607427,2021-11-15 20:53:35+00:00,"The metaverse is investable — and it's going to be big, says tech billionaire https://t.co/tey3BPE1C8",metaverse investable going big says tech billionaire,neutral,0.0,FB
1901,1460347426691338243,2021-11-15 20:42:13+00:00,Amazon's healthcare business lands Hilton as a key customer https://t.co/RqJDBZQSEH,amazons healthcare business lands hilton key customer,neutral,0.0,AMZN
1907,1460341961605500932,2021-11-15 20:20:30+00:00,Apple is sticking taxpayers with part of the bill for rollout of tech giant's digital ID card https://t.co/E3kpr5ni7V,apple sticking taxpayers part bill rollout tech giants digital id card,neutral,0.0,AAPL
1915,1460334013143560193,2021-11-15 19:48:55+00:00,"U.S. states will foot a portion of the bill for Apple’s digital ID program, which will allow people to store state IDs in the iPhone’s Wallet app. https://t.co/TL4TE5Koi9 https://t.co/ceOIPK83a3",us states foot portion bill apples digital id program allow people store state ids iphones wallet app,neutral,0.0,AAPL
1920,1460327137173549059,2021-11-15 19:21:35+00:00,Taxpayers will be footing part of the bill for Apple’s digital ID card. @Hugh_Son has the details. https://t.co/0UnAnMpNOt https://t.co/rzo0wYIyiv,taxpayers footing part bill apples digital id card details,neutral,0.0,AAPL
1921,1460326435441332232,2021-11-15 19:18:48+00:00,Ohio attorney general files lawsuit claiming Facebook misled investors about safety measures https://t.co/iGJ6wr3AKe,ohio attorney general files lawsuit claiming facebook misled investors safety measures,neutral,0.0,FB
1960,1460268196548780035,2021-11-15 15:27:23+00:00,"Analyst call of the day for @CNBCPro subscribers: JPMorgan kept its overweight rating on shares of Netflix and said it continues to be bullish on the company’s content slate.

Subscribe to see the analyst calls of the day curated by CNBC Pro. https://t.co/tKhSPHGMuH",analyst call day subscribers jpmorgan kept overweight rating shares netflix said continues bullish companys content slate subscribe see analyst calls day curated cnbc pro,neutral,0.0,NFLX
1980,1460243470577242117,2021-11-15 13:49:08+00:00,"New for subscribers: Here are Monday's biggest analyst calls of the day: Apple, Tesla, Netflix, Target, Shopify &amp; more. Check out @CNBCPro today. https://t.co/yHVxbdxKPh",new subscribers mondays biggest analyst calls day apple tesla netflix target shopify amp check today,positive,0.13636363636363635,AAPL
2008,1460188361637912576,2021-11-15 10:10:09+00:00,"The Metaverse is investable — and it's going to be big, says tech billionaire https://t.co/K3U0M3MoGH",metaverse investable going big says tech billionaire,neutral,0.0,FB
2068,1459943985867374608,2021-11-14 17:59:05+00:00,Here's how Nike is quietly preparing for the metaverse. https://t.co/5hvkfCPNqS,heres nike quietly preparing metaverse,neutral,0.0,FB
2070,1459939606695227394,2021-11-14 17:41:41+00:00,"Former FBI agent of 21 years: These are the 8 biggest ""warning signs"" that reveal a dishonest person. (via @CNBCMakeIt) https://t.co/8LPLhHhS3M",former fbi agent 21 years 8 biggest warning signs reveal dishonest person via,negative,-0.15,FB
2079,1459922501681692674,2021-11-14 16:33:43+00:00,This Singapore start-up raked in almost $3 million in sales in 2 months — all through Facebook. https://t.co/0Ti3ScRKrB,singapore startup raked almost 3 million sales 2 months facebook,neutral,0.0,FB
2101,1459884795455066114,2021-11-14 14:03:53+00:00,Apple is sticking taxpayers with part of the bill for rollout of tech giant's digital ID card https://t.co/sBYt92S1Uw,apple sticking taxpayers part bill rollout tech giants digital id card,neutral,0.0,AAPL
2107,1459880456065798152,2021-11-14 13:46:38+00:00,Neal Stephenson on his new geoengineering climate change thriller and coining the term 'metaverse' https://t.co/QtrQCnSvBf,neal stephenson new geoengineering climate change thriller coining term metaverse,positive,0.13636363636363635,FB
2129,1459831566369280004,2021-11-14 10:32:22+00:00,"Jeff Bezos hired this Amazon applicant ""on the spot""—here are the 2 interview questions he asked. (via @CNBCMakeIt) https://t.co/UDBY8MAk5Y",jeff bezos hired amazon applicant spothere 2 interview questions asked via,neutral,0.0,AMZN
2136,1459812196515524615,2021-11-14 09:15:24+00:00,"This surprisingly common interview mistake can cost you the job, according to a top Amazon recruiter. (via @CNBCMakeIt) https://t.co/ZE6yTBu5rn",surprisingly common interview mistake cost job according top amazon recruiter via,positive,0.1,AMZN
2140,1459800037920329730,2021-11-14 08:27:05+00:00,Amazon wants us to stop talking to Alexa so much. https://t.co/N8AXi9Aw3K,amazon wants us stop talking alexa much,positive,0.2,AMZN
2165,1459620448916934661,2021-11-13 20:33:28+00:00,"Jeff Bezos hired this Amazon applicant ""on the spot""—here are the 2 interview questions he asked. (via @CNBCMakeIt) https://t.co/9U2HP8TtKn",jeff bezos hired amazon applicant spothere 2 interview questions asked via,neutral,0.0,AMZN
2173,1459593153330106369,2021-11-13 18:45:00+00:00,"As fabless manufacturing companies like Apple, Qualcomm and Nvidia took off, TSMC found itself on a flywheel, making more and more of the world's chips. Watch the full video here to learn more: https://t.co/00keVTU81P https://t.co/RvY1EdpLkb",fabless manufacturing companies like apple qualcomm nvidia took tsmc found flywheel making worlds chips watch full video learn,positive,0.35,AAPL
2179,1459559665965191171,2021-11-13 16:31:56+00:00,Apple's ad privacy change impact shows the power it wields over other industries https://t.co/Yuz5mZQEPl,apples privacy change impact shows power wields industries,neutral,0.0,AAPL
2183,1459546635990614016,2021-11-13 15:40:09+00:00,"Former FBI agent of 21 years: These are the 8 biggest ""warning signs"" that reveal a dishonest person. (via @CNBCMakeIt) https://t.co/6iMbVyiCUh",former fbi agent 21 years 8 biggest warning signs reveal dishonest person via,negative,-0.15,FB
2189,1459537072075771906,2021-11-13 15:02:09+00:00,"Macy’s CEO, a department store veteran, fights to fit in the Amazon future https://t.co/CmdFzypjTr",macys ceo department store veteran fights fit amazon future,positive,0.2,AMZN
2196,1459522936835092488,2021-11-13 14:05:59+00:00,Amazon's $21 billion Rivian stake is a bet that innovation can help solve climate change https://t.co/Vc9Tw1hJCH,amazons 21 billion rivian stake bet innovation help solve climate change,neutral,0.0,AMZN
2203,1459515941637832705,2021-11-13 13:38:11+00:00,Here's how Nike is quietly preparing for the metaverse. https://t.co/Eff5RMBO5H,heres nike quietly preparing metaverse,neutral,0.0,FB
2204,1459510990194761740,2021-11-13 13:18:31+00:00,Roblox founder and CEO: Our business plan 17 years ago predicted the rise of metaverse https://t.co/9UwM8rUOiI,roblox founder ceo business plan 17 years ago predicted rise metaverse,neutral,0.0,FB
2206,1459502414386634762,2021-11-13 12:44:26+00:00,"Your resume has 6 seconds to impress a hiring manager, says ex-Amazon recruiter. Here are 3 tips to nail it. (via @CNBCMakeIt) https://t.co/sxxg19CNI8",resume 6 seconds impress hiring manager says examazon recruiter 3 tips nail via,neutral,0.0,AMZN
2226,1459380599353978883,2021-11-13 04:40:23+00:00,"Apple CEO Tim Cook is anti-mindless scrolling: ""I think it's bad for your mental health."" (via @CNBCMakeIt) https://t.co/nbAV2Rn2s3",apple ceo tim cook antimindless scrolling think bad mental health via,negative,-0.3999999999999999,AAPL
2237,1459328111863029764,2021-11-13 01:11:49+00:00,.@MadMoneyOnCNBC's @JimCramer says these 4 companies are the best ways to invest in the metaverse. https://t.co/se1zRiCJMF,says 4 companies best ways invest metaverse,positive,1.0,FB
2264,1459273547008729089,2021-11-12 21:35:00+00:00,"Despite its slow subscriber growth, Disney+ is rolling out new projects. Will this be enough to get @Disney to where it needs to be? Former Netflix and Hulu executive Simon Gallagher shares his doubt. https://t.co/vQMqmyvHXq https://t.co/lwUkfR4yBR",despite slow subscriber growth disney rolling new projects enough get needs former netflix hulu executive simon gallagher shares doubt,negative,-0.04090909090909092,NFLX
2323,1459177983898312707,2021-11-12 15:15:16+00:00,This 32-year-old artist made over $1 million in 9 months selling NFTs—now he’s reinvesting for the metaverse. (via @CNBCMakeIt) https://t.co/EfInsTyNoS,32yearold artist made 1 million 9 months selling nftsnow hes reinvesting metaverse via,neutral,0.0,FB
2374,1459057109212049408,2021-11-12 07:14:57+00:00,Iceland takes a swipe at Zuckerberg's 'Meta' announcement in new viral tourism video https://t.co/rKQx46FZcR,iceland takes swipe zuckerbergs meta announcement new viral tourism video,positive,0.13636363636363635,FB
2397,1458965328986263552,2021-11-12 01:10:15+00:00,"Your resume has 6 seconds to impress a hiring manager, says ex-Amazon recruiter. Here are 3 tips to nail it (via @CNBCMakeIt) https://t.co/1gzx3zMkDA",resume 6 seconds impress hiring manager says examazon recruiter 3 tips nail via,neutral,0.0,AMZN
2399,1458959729221275665,2021-11-12 00:48:00+00:00,"More people are headed back to the office by January, but is it enough to fill the Big Apple? @robtfrank has exclusive new numbers from the Partnership of New York City, which he says aren't likely to increase much over time. https://t.co/7yuJxxxd69 https://t.co/o2T80cSy4u",people headed back office january enough fill big apple exclusive new numbers partnership new york city says arent likely increase much time,positive,0.07878787878787878,AAPL
2416,1458929086672384005,2021-11-11 22:46:14+00:00,LISTEN NOW: Making money in the metaverse – corporate America is clamoring to own their piece of the pie. Listen and follow the @cnbcfastmoney podcast here or on your favorite podcast platform: https://t.co/K9oPPdCF9c https://t.co/oZk6BfRgh8,listen making money metaverse corporate america clamoring piece pie listen follow podcast favorite podcast platform,neutral,0.0,FB
2427,1458910576873201665,2021-11-11 21:32:41+00:00,.@MadMoneyOnCNBC's @JimCramer says these 4 companies are the best ways to invest in the metaverse. https://t.co/u5AR2WIA33,says 4 companies best ways invest metaverse,positive,1.0,FB
2439,1458890688502939654,2021-11-11 20:13:39+00:00,"Apple CEO Tim Cook is anti-mindless scrolling: ""I think it's bad for your mental health."" (via @CNBCMakeIt) https://t.co/QWkJCMcWDL",apple ceo tim cook antimindless scrolling think bad mental health via,negative,-0.3999999999999999,AAPL
2476,1458835591995535374,2021-11-11 16:34:43+00:00,.@MadMoneyOnCNBC's @JimCramer says these 4 companies are the best ways to invest in the metaverse. https://t.co/0W8ql0l5UX,says 4 companies best ways invest metaverse,positive,1.0,FB
2513,1458789947859734528,2021-11-11 13:33:21+00:00,"New for subscribers: Here are Thursday's biggest analyst calls of the day: Apple, Boeing, Nio, UPS, Hershey &amp; more. Check out @CNBCPro today. https://t.co/yP0KUv11nD",new subscribers thursdays biggest analyst calls day apple boeing nio ups hershey amp check today,positive,0.13636363636363635,AAPL
2552,1458656984257888267,2021-11-11 04:45:00+00:00,Here's how lithium metal batteries could help bring electric planes and cars to the masses. Watch the full video: https://t.co/Jeva5b1Mke https://t.co/SZRqq6sT59,heres lithium metal batteries could help bring electric planes cars masses watch full video,positive,0.35,FB
