,id,date,raw_txt,clean_tweets,sentiment,sentiment_continuous,BelongsTo
4,1464326508634427401,2021-11-26 20:13:40+00:00,"Some tortured soul bought Netflix at the end of ‘03 for ~$5.24, only to sell a year later for a 70% loss. Someone else, I’m sure, piled into Microsoft, twiddled their thumbs for NINE years, only to fold with a 55% loss. https://t.co/cVSsavaYhz",tortured soul bought netflix 03 524 sell year later 70 loss someone else sure piled microsoft twiddled thumbs nine years fold 55 loss,positive,0.25,NFLX
59,1446181357579902978,2021-10-07 18:31:19+00:00,"How often do you engage with a Facebook product: Insta, WhatsApp, FB, Messenger, Oculus etc.?",often engage facebook product insta whatsapp fb messenger oculus etc,neutral,0.0,FB
126,1428772125469446144,2021-08-20 17:33:14+00:00,"@idea_sa @MyWallStHQ شكرا لك محمد

(using Google translate)",شكرا محمد using google translate,neutral,0.0,GOOGL
170,1411403375917338630,2021-07-03 19:16:02+00:00,@markkellysocdem @TheInsiderBot I don’t think so Mark. Old companies can reinvent themselves. Apple and Microsoft were flat for eons.,dont think mark old companies reinvent apple microsoft flat eons,positive,0.037500000000000006,AAPL
268,1404876691030347778,2021-06-15 19:01:19+00:00,"·     1,134% =  the average gain of all my buys
·     29,578% = the gain from my first investment in Netflix, my biggest winner
·     -99.2% = my biggest loser: Superconductor Technologies",1134 average gain buys 29578 gain first investment netflix biggest winner 992 biggest loser superconductor technologies,positive,0.25,NFLX
296,1397988638110228494,2021-05-27 18:50:39+00:00,"iQIYI “The Netflix of China”, eh, suuuure. $14.45/share. Would you pay $118 now for the option to buy 100 shares for $17.50 before the end of the year? Poll below. https://t.co/TiHric2u5O",iqiyi netflix china eh suuuure 1445share would pay 118 option buy 100 shares 1750 year poll,neutral,0.0,NFLX
320,1396122116207022085,2021-05-22 15:13:45+00:00,"@BornInvestor @joecassandra I have no position limit. NFLX + TSLA account for ~25% of my *entire* net worth. 1) do I think they will be bigger in 20 years? 100% yes. 2) If I sold would I have to pay tax? Yes, 33% in Ireland, meaning whatever I re-invest in needs to grow 50% to get back to breakeven.",position limit nflx tsla account 25 entire net worth 1 think bigger 20 years 100 yes 2 sold would pay tax yes 33 ireland meaning whatever reinvest needs grow 50 get back breakeven,negative,-0.0025000000000000022,NFLX
327,1396018305069043713,2021-05-22 08:21:15+00:00,@BornInvestor My biggest gainers in TDA at the moment. I bought 6 of these 7 over 10 years ago (Shopify is the exception). I’ve only a few FB left because of an error that I’m glad I made. I’m pretty sure 4 of them were down more than 70% after buying...to be confirmed. https://t.co/PjpLyQvxG9,biggest gainers tda moment bought 6 7 10 years ago shopify exception ive fb left error glad made pretty sure 4 70 buyingto confirmed,positive,0.3333333333333333,FB
342,1395359211694039040,2021-05-20 12:42:15+00:00,"https://t.co/A6kb4BQAS1

Check out the story of MyWallSt! (Spotify: https://t.co/mlI8iUb8nd and Apple: https://t.co/SDojjJWUx3)",check story mywallst spotify apple,neutral,0.0,AAPL
464,1380783239091130369,2021-04-10 07:22:32+00:00,"@wolfofharcourt I actually like it. Their revenue/sq foot in malls is unmatched, even by mega brands such as Apple and Tesla.",actually like revenuesq foot malls unmatched even mega brands apple tesla,neutral,0.0,AAPL
582,1365308937160056833,2021-02-26 14:33:11+00:00,Well done ⁦⁦@reedhastings⁩ &amp; team. Netflix is creating a $100 million global fund aimed at increasing outreach to underrepresented communities looking to work in entertainment.  https://t.co/Bj1dUALnKy,well done amp team netflix creating 100 million global fund aimed increasing outreach underrepresented communities looking work entertainment,neutral,0.0,NFLX
603,1362093801800671232,2021-02-17 17:37:23+00:00,Tesla has 30 billion miles of road data in their autonomous AI. Next closest is Google with 30 million miles... or 0.1% that of Tesla. That godda be worth somethin’,tesla 30 billion miles road data autonomous next closest google 30 million miles 01 tesla godda worth somethin,positive,0.15,GOOGL
690,1349381453889548288,2021-01-13 15:43:03+00:00,"Whether or not there is a SPAC bubble remains to be seen. Remember though: amongst the Y2K dot-com bubble brigade was Amazon. It and others survived, grew and eventually dominated their domains. There are future titans out there now that have been made available to us via SPACs.",whether spac bubble remains seen remember though amongst y2k dotcom bubble brigade amazon others survived grew eventually dominated domains future titans made available us via spacs,negative,-0.125,AMZN
805,1326264358045888517,2020-11-10 20:43:58+00:00,"6. Apple TV and Amazon Prime. Snore, I know. Tell me something original. Really enjoying Long Way Up.",6 apple tv amazon prime snore know tell something original really enjoying long way,positive,0.17500000000000002,AMZN
821,1319328108789571591,2020-10-22 17:21:47+00:00,"@7AustinL Same Austin. In ‘03 I sold 40 shares in NFLX at an all-time high of $56.86, netting $1,086 gain. Since then, shares split 2:1 and 7:1, implying a split-adjusted price of $4.06. Had I done nothing, I’d have 560 shares today...that’s $271k worth. AND I’ve worse (better?) examples!",austin 03 sold 40 shares nflx alltime high 5686 netting 1086 gain since shares split 21 71 implying splitadjusted price 406 done nothing id 560 shares todaythats 271k worth ive worse better examples,positive,0.24,NFLX
847,1309455284134436864,2020-09-25 11:30:42+00:00,@tobi Is there any truth in my daydream that Shopify will buy Etsy to move closer towards being the Pepsi to Amazon's Coca Cola?,truth daydream shopify buy etsy move closer towards pepsi amazons coca cola,neutral,0.0,AMZN
856,1306996635734618114,2020-09-18 16:40:55+00:00,"We really enjoyed recording this one. Tune in to hear about Apple’s ‘Peloton-Killer’, the fraud charges being levelled against Nikola and Oracle winning the race to nab TikTok.

https://t.co/kgPkwuOKSH",really enjoyed recording tune hear apples pelotonkiller fraud charges levelled nikola oracle winning race nab tiktok,positive,0.6000000000000001,AAPL
877,1297867555843997696,2020-08-24 12:05:13+00:00,Apple is now worth more than the combined FTSE 100 companies.,apple worth combined ftse 100 companies,positive,0.3,AAPL
881,1296838561476616192,2020-08-21 15:56:21+00:00,"Epic versus Apple, stock splits, who should buy TikTok and lots more...

https://t.co/kgPkwuOKSH",epic versus apple stock splits buy tiktok lots,positive,0.1,AAPL
890,1296099620997693440,2020-08-19 15:00:04+00:00,What’s even more incredible to me than Apple hitting $2 trillion today is that it has grown by over $1 trillion of that value since mid March.,whats even incredible apple hitting 2 trillion today grown 1 trillion value since mid march,neutral,0.0,AAPL
925,1292207437353713675,2020-08-08 21:13:55+00:00,"It’s been comprehensively studied and proven that very little can be inferred from insider sells (that is, founders, CEOs or C-level exec selling shares in the Co they run). One good example from a ton of data is Jeff Bezos selling 800,000 shares of Amazon for about $7 mil in ‘02",comprehensively studied proven little inferred insider sells founders ceos clevel exec selling shares co run good example data jeff bezos selling 800000 shares amazon 7 mil 02,positive,0.7,AMZN
927,1291753665615855619,2020-08-07 15:10:48+00:00,"Live: https://t.co/kgPkwuOKSH

Where we discuss $TDOC $LVGO $MSFT $TWTR $FB $AAPL $AMZN $GOOG and many more.",live discuss tdoc lvgo msft twtr fb aapl amzn goog many,positive,0.13636363636363635,AMZN
982,1285261619258327041,2020-07-20 17:13:43+00:00,"In 2030 we’ll reflect on 2020. Coronavirus rocked the world, Pres. Trump went toe to toe with Joe Biden, SpaceX set a new rocket reuse record and Apple released the iPhone 12.",2030 well reflect 2020 coronavirus rocked world pres trump went toe toe joe biden spacex set new rocket reuse record apple released iphone 12,positive,0.13636363636363635,AAPL
983,1285261618004340736,2020-07-20 17:13:43+00:00,"In 2010 FATMAAN (Facebook, Apple, Tesla,  Microsoft, Amazon, Alphabet and Netflix) were all big companies but a just tiny fraction of the giants they are today.",2010 fatmaan facebook apple tesla microsoft amazon alphabet netflix big companies tiny fraction giants today,neutral,0.0,AMZN
984,1285261616813158401,2020-07-20 17:13:43+00:00,"For most of us 2010 does not feel like long ago. The Healthcare Reform Bill was signed into law by Pres. Obama, SpaceX successfully launched the Dragon capsule and Apple released the iPhone 4.",us 2010 feel like long ago healthcare reform bill signed law pres obama spacex successfully launched dragon capsule apple released iphone 4,positive,0.125,AAPL
994,1283176381237600256,2020-07-14 23:07:44+00:00,"@HanSan71536978 @PeterCetale So the graphs you see on Yahoo! Finance, Apple and everywhere else do a think called split adjust. So if, for example, you paid $20/share for 10 shares in ABC and it later split 2 for 1 then it will show your buy price as $10 (and you’ve double the shares). The graphs adjust too.",graphs see yahoo finance apple everywhere else think called split adjust example paid 20share 10 shares abc later split 2 1 show buy price 10 youve double shares graphs adjust,neutral,0.0,AAPL
1019,1281701529666428930,2020-07-10 21:27:12+00:00,"@santoscapital @PeterCetale I did add Santos, several times. I bought at around a buck a share and above my average buy price too. Netflix occupies about 35.8% of all my stock portfolios combined.",add santos several times bought around buck share average buy price netflix occupies 358 stock portfolios combined,neutral,0.0,NFLX
1025,1281648173753217026,2020-07-10 17:55:11+00:00,"@PeterCetale Netflix, Peter.",netflix,neutral,0.0,NFLX
1046,1266342889736605698,2020-05-29 12:17:27+00:00,"What's going on with Facebook Shops? Why did Spotify pay $100,000,000 for Joe Rogan? Which gaming companies look good? And where the heck have all our share certs gone? 

Time for Stock Club. The number one rated podcast in Bermuda.

https://t.co/kgPkwuOKSH",whats going facebook shops spotify pay 100000000 joe rogan gaming companies look good heck share certs gone time stock club number rated podcast bermuda,positive,0.14999999999999997,FB
1072,1257261111499542528,2020-05-04 10:49:42+00:00,"Great piece. 

Everything I Know About Business I Learned from Netflix https://t.co/5HrNuuAe4F",great piece everything know business learned netflix,positive,0.8,NFLX
1099,1249254608150593537,2020-04-12 08:34:43+00:00,What’s your favourite Netflix show at this time? Reply below.,whats favourite netflix show time reply,neutral,0.0,NFLX
1107,1246177502298607623,2020-04-03 20:47:24+00:00,Netflix reported 167 mil subs worldwide in its last earnings report. Disney+ signed up 28 mil subs between its Nov. ‘19 launch and early Feb. Considering the price point &amp; a world staying home I wouldn’t be surprised to see that number double in the next Qly earnings report.,netflix reported 167 mil subs worldwide last earnings report disney signed 28 mil subs nov 19 launch early feb considering price point amp world staying home wouldnt surprised see number double next qly earnings report,neutral,0.0,NFLX
1200,1223251330170605568,2020-01-31 14:26:58+00:00,"Apple up 1000-fold in 38 years, so $1k turned to $1 million. But a grand back then was like $10k now - and 38 years is a looooooong wait. Still, it’s not too bad having that in the background as you live your life. https://t.co/TlYjqteerq",apple 1000fold 38 years 1k turned 1 million grand back like 10k 38 years looooooong wait still bad background live life,negative,-0.015909090909090873,AAPL
