,id,date,raw_txt,clean_tweets,sentiment,sentiment_continuous,BelongsTo
63,1461802521039708163,2021-11-19 21:04:14+00:00,"The Dow Jones fell even as Apple stock and Nike popped.

The Donald Trump SPAC tumbled again.

Airbnb stock fell amid rising Covid worries. https://t.co/Iwoty4X5gc",dow jones fell even apple stock nike popped donald trump spac tumbled airbnb stock fell amid rising covid worries,neutral,0.0,AAPL
75,1461439794614247424,2021-11-18 21:02:53+00:00,"Market rally getting top heavy; Amazon, Kohl’s break out, ServiceNow consolidates bullishly $AMZN $KSS $NOW https://t.co/tutJYTWy4W",market rally getting top heavy amazon kohls break servicenow consolidates bullishly amzn kss,positive,0.5,AMZN
86,1461097172057923588,2021-11-17 22:21:26+00:00,"Nasdaq timid at 16,000; Apple, Eli Lilly, and Zim Integrated Shipping in focus $AAPL $LLY $ZIM
WATCH: https://t.co/g5Q16bIupp",nasdaq timid 16000 apple eli lilly zim integrated shipping focus aapl lly zim watch,neutral,0.0,AAPL
89,1461045459242344455,2021-11-17 18:55:57+00:00,"Apple ($AAPL) is the IBD Stock Of The Day as the consumer electronics giant enjoys strong consumer demand ahead of the holiday shopping season.

Apple stock broke out of a 10-week base on Wednesday.
https://t.co/QJBAmGAlo3",apple aapl ibd stock day consumer electronics giant enjoys strong consumer demand ahead holiday shopping season apple stock broke 10week base wednesday,positive,0.008333333333333304,AAPL
123,1459290731705778180,2021-11-12 22:43:17+00:00,"Partners turned frenemies? $AAPL said it's moving into enterprise device mgmt, which is what IPO $JAMF is all about. @JamfSoftware CEO @deanhager tells @AlissaCoram why it's complimentary to #Apple &amp; talks about the growth trajectory post-Covid. For more: https://t.co/U0ccwEnWTi https://t.co/6YaExKqF1H",partners turned frenemies aapl said moving enterprise device mgmt ipo jamf ceo tells complimentary apple amp talks growth trajectory postcovid,neutral,0.0,AAPL
139,1458934545055727616,2021-11-11 23:07:55+00:00,"$APP surged after Q3 results showed revenue up 90%, w/ triple-digit growth for the mobile app developer's software biz. @AppLovin CFO Herald Chen talks monetization strategies, navigating the Apple App Store &amp; more w/ @AlissaCoram 
More here: https://t.co/hyMmdz8neS https://t.co/xOSNjZZjNN",app surged q3 results showed revenue 90 w tripledigit growth mobile app developers software cfo herald chen talks monetization strategies navigating apple app store amp w,neutral,0.0,AAPL
151,1458842051240411138,2021-11-11 17:00:23+00:00,Supply chain shortages continue to weigh on retailers ahead of the holiday shopping season. @IBD_BPeters &amp; @IBD_Alexis discuss supply bottlenecks and which companies could benefit on this episode of Growth Stories. For more info: https://t.co/KaSC1gvyaK $AMZN $ZIM $AAPL $WMT $TGT https://t.co/kV8oHTwZPZ,supply chain shortages continue weigh retailers ahead holiday shopping season amp discuss supply bottlenecks companies could benefit episode growth stories info amzn zim aapl wmt tgt,neutral,0.0,AMZN
171,1458124743232602121,2021-11-09 17:30:04+00:00,Top analyst Mark Mahaney talks to @IBD_Alexis about his new #investing book “Nothing But Net” and his stock-picking lessons from decades of covering the internet and tech stocks covering internet and tech stocks like $AMZN $NFLX $GOOGL &amp; more. WATCH here: https://t.co/B96GyeNxaG https://t.co/gQ0UYsiVh3,top analyst mark mahaney talks new investing book nothing net stockpicking lessons decades covering internet tech stocks covering internet tech stocks like amzn nflx googl amp watch,positive,0.21212121212121213,AMZN
222,1456002085518983177,2021-11-03 20:55:23+00:00,Alphabet shares have stalled after jumping to new highs last week. Should we be worried? https://t.co/GTnYc73uWH,alphabet shares stalled jumping new highs last week worried,positive,0.0987878787878788,GOOGL
251,1454796567400026117,2021-10-31 13:05:05+00:00,See how the head of #Google Cloud has been making inroads into the corporate market. https://t.co/tDK3QGAh4k,see head google cloud making inroads corporate market,neutral,0.0,GOOGL
259,1454419070741323782,2021-10-30 12:05:02+00:00,#Metaverse — Is this the next-gen way people will interact online? Or just marketing hype?  #Facebook #Google https://t.co/vhUJADev6k,metaverse nextgen way people interact online marketing hype facebook google,neutral,0.0,FB
261,1454343571432251393,2021-10-30 07:05:02+00:00,"Inspirational quotes from #NFL star  #DrewBrees, #Amazon executive Dave Clark and more. https://t.co/r5UNIbvN33 https://t.co/m3JUyJFZ8k",inspirational quotes nfl star drewbrees amazon executive dave clark,neutral,0.0,AMZN
262,1454176595959189504,2021-10-29 20:01:32+00:00,"More treats than tricks in Halloween stock market rally; Edwards Lifesciences, Google, Tesla rival Xpeng near buy points $EW $GOOGL $XPEV https://t.co/Bbbxe9AwlR",treats tricks halloween stock market rally edwards lifesciences google tesla rival xpeng near buy points ew googl xpev,positive,0.1,GOOGL
265,1454146575077416967,2021-10-29 18:02:14+00:00,"It was a big week for earnings from top tech stocks &amp; the post-results reaction from $GOOGL stands out. The #IBDLive team was all over the action Wednesday when #Google presented an early entry, making it this week's trade of the week. Details here: https://t.co/bVt0PtxAFi https://t.co/5rOHHkgubf",big week earnings top tech stocks amp postresults reaction googl stands ibdlive team action wednesday google presented early entry making weeks trade week details,positive,0.15,GOOGL
267,1454136886398697473,2021-10-29 17:23:44+00:00,"As Thomas Kurian's third anniversary as CEO for Google's $GOOGL cloud business nears, his quest to make the unit a bigger player seems well within reach. #googlstock https://t.co/k7d8lhURqJ #googlstock",thomas kurians third anniversary ceo googles googl cloud business nears quest make unit bigger player seems well within reach googlstock googlstock,positive,0.03333333333333333,GOOGL
269,1454126575297966090,2021-10-29 16:42:46+00:00,.@Facebook is going all in on the #metaverse. @IBD_PSeitz and @IBD_Alexis look at the social media giant's latest move and why major tech firms are investing so heavily in a concept pulled straight from the pages of science fiction. WATCH: https://t.co/KaSC1gvyaK $FB $MVRS https://t.co/ok55x4afgN,going metaverse look social media giants latest move major tech firms investing heavily concept pulled straight pages science fiction watch fb mvrs,positive,0.09930555555555555,FB
280,1453453530656751617,2021-10-27 20:08:20+00:00,"Stocks knocked lower in late-session sell-off; stocks to watch include Alphabet, Marriott, Invesco Solar $GOOGL $MAR $TAN https://t.co/G4FGF08n9l",stocks knocked lower latesession selloff stocks watch include alphabet marriott invesco solar googl tan,neutral,0.0,GOOGL
324,1451820869353975809,2021-10-23 08:00:43+00:00,"With earnings due next week, #Google is among 25 fast-growing #stocks looking for big growth in Q3. https://t.co/vMaYRYHvAT",earnings due next week google among 25 fastgrowing stocks looking big growth q3,negative,-0.041666666666666664,GOOGL
329,1451640337374474243,2021-10-22 20:03:21+00:00,"Stock market rally in good shape with peak earnings ahead; Google, Upwork, Cleveland-Cliffs in focus $GOOGL $UPWK $CLF https://t.co/VWoaX3UuYx",stock market rally good shape peak earnings ahead google upwork clevelandcliffs focus googl upwk clf,positive,0.7,GOOGL
337,1451277929988583426,2021-10-21 20:03:16+00:00,"S&amp;P 500 hits record high; Match Group, Boot Barn, Netflix flash buy signals $MTCH $BOOT $NFLX https://t.co/xAh8P4HSsB",sampp 500 hits record high match group boot barn netflix flash buy signals mtch boot nflx,positive,0.16,NFLX
342,1451186624612560901,2021-10-21 14:00:27+00:00,"Join IBD's @AlissaCoram &amp; @IBD_ECarson for Barron's Live this Friday at 12 p.m. ET as they discuss all things earnings season, with reports from $GOOGL $AAPL $FB &amp; more tech giants due soon. Register here:  https://t.co/M3pbOdbJz9 https://t.co/hArZjtZxre",join ibds amp barrons live friday 12 pm discuss things earnings season reports googl aapl fb amp tech giants due soon register,positive,0.0037878787878787845,AAPL
355,1450553424492204033,2021-10-19 20:04:21+00:00,"Stock market nears highs as Apple reclaims key level; New IPO Olaplex, profitable pot play setting up $AAPL $OLPX $IIPR https://t.co/mMYVF4n5nK",stock market nears highs apple reclaims key level new ipo olaplex profitable play setting aapl olpx iipr,positive,0.09909090909090909,AAPL
358,1450536903074267140,2021-10-19 18:58:42+00:00,"Join IBD's @AlissaCoram &amp; @IBD_ECarson for Barron's Live this Friday at 12 p.m. ET as they discuss all things earnings season, with reports from $GOOGL $AAPL $FB &amp; more tech giants due soon. Register here:  https://t.co/M3pbOcU8HB https://t.co/qHH3Hs7h4r",join ibds amp barrons live friday 12 pm discuss things earnings season reports googl aapl fb amp tech giants due soon register,positive,0.0037878787878787845,AAPL
383,1449269000345690113,2021-10-16 07:00:30+00:00,How many times can #Facebook rebound from yet another big scandal? https://t.co/pNAcZFQSHS,many times facebook rebound yet another big scandal,neutral,0.0,FB
387,1449092556227321862,2021-10-15 19:19:22+00:00,Facebook $FB takes a hit and yet survives after each scandal. Can it do so again in the face of a whistleblower's damaging testimony? https://t.co/JcMafzJjOK,facebook fb takes hit yet survives scandal whistleblowers damaging testimony,neutral,0.0,FB
394,1448741087535788043,2021-10-14 20:02:46+00:00,"Stock market reclaims key levels; Google, Nvidia flash buy signals as AMN Healthcare plunges $GOOGL $NVDA $AMN https://t.co/m2ArJPqj5A",stock market reclaims key levels google nvidia flash buy signals amn healthcare plunges googl nvda amn,neutral,0.0,GOOGL
420,1446525807594197004,2021-10-08 17:20:02+00:00,$GOOGL leads the latest list of new buys by the best #mutualfunds as the market and #stocks look to rebound from the current correction. https://t.co/DoMTPHxrqI,googl leads latest list new buys best mutualfunds market stocks look rebound current correction,positive,0.40909090909090906,GOOGL
438,1445429607398875136,2021-10-05 16:44:07+00:00,"Facebook $FB edged up Tuesday, following a 5% drop Monday in reaction to a mass outage and continuing fallout from a series of critical articles published by the Wall Street Journal. #fbstock https://t.co/Vp4vLQ4bsi",facebook fb edged tuesday following 5 drop monday reaction mass outage continuing fallout series critical articles published wall street journal fbstock,neutral,0.0,FB
465,1444030397247987712,2021-10-01 20:04:10+00:00,"Stocks rebound but market in correction; Netflix, Datadog, Mosaic show strength $NFLX $DDOG $MOS https://t.co/d3rTXqfTHR",stocks rebound market correction netflix datadog mosaic show strength nflx ddog mos,neutral,0.0,NFLX
486,1443305888400297984,2021-09-29 20:05:13+00:00,"Nasdaq fades early gain as rally lacks punch; Netflix, AutoNation, Matador Resources stand out $NFLX $AN $MTDR https://t.co/m7fgPO8gJN",nasdaq fades early gain rally lacks punch netflix autonation matador resources stand nflx mtdr,neutral,0.0,NFLX
581,1439198780797161476,2021-09-18 12:05:03+00:00,"In its first big move since Biden installed a new #FTC chief, the agency appeared to summarily reject the past 4 decades of antitrust enforcement. #Amazon #Google https://t.co/KoaLDEibUb",first big move since biden installed new ftc chief agency appeared summarily reject past 4 decades antitrust enforcement amazon google,positive,0.03409090909090909,AMZN
598,1438526790285287424,2021-09-16 15:34:47+00:00,"In its first big move since Biden installed a new #FTC  chief, the agency appeared to summarily reject the past 4 decades of antitrust enforcement. #Amazon #Google https://t.co/KoaLDEibUb",first big move since biden installed new ftc chief agency appeared summarily reject past 4 decades antitrust enforcement amazon google,positive,0.03409090909090909,AMZN
601,1438492062714900480,2021-09-16 13:16:48+00:00,"Retail Surprise: Excluding autos, retail sales climbed on the month, led by #Amazon as it nears a buy point.   https://t.co/vx62Zi3AIF",retail surprise excluding autos retail sales climbed month led amazon nears buy point,positive,0.1,AMZN
613,1438153282967543808,2021-09-15 14:50:36+00:00,Apple diehards might line up for new Apple #iPhones. But they're a yawn for S&amp;P 500 #stock #investors — and have been for some time. https://t.co/TS3UVmeW62,apple diehards might line new apple iphones theyre yawn sampp 500 stock investors time,positive,0.13636363636363635,AAPL
622,1437856576069586946,2021-09-14 19:11:36+00:00,"Consumer electronics giant Apple $AAPL introduces its 15th-generation smartphones, the iPhone 13 series, and a number of smart watches. #aaplstock #iphone13 https://t.co/kzGA0hP29D",consumer electronics giant apple aapl introduces 15thgeneration smartphones iphone 13 series number smart watches aaplstock iphone13,positive,0.10714285714285714,AAPL
647,1437054654773354502,2021-09-12 14:05:03+00:00,"Senate Democrats target #Apple, #WarrenBuffett with Stock Buyback Accountability Act. https://t.co/ScqOkkI0kn",senate democrats target apple warrenbuffett stock buyback accountability act,neutral,0.0,AAPL
657,1436630800380858369,2021-09-11 10:00:48+00:00,"See where top fund managers are placing their billion-dollar bets. $MSFT, $GOOGL and $SHOP join several leading #IPOs.  https://t.co/HDEyBPkbZN",see top fund managers placing billiondollar bets msft googl shop join several leading ipos,positive,0.5,GOOGL
663,1436419746379882496,2021-09-10 20:02:09+00:00,"Stocks extend losing streak amid ‘Epic’ Apple defeat: Floor &amp; Décor goes through roof, Entegris flashes early entry $AAPL $FND $ENTG https://t.co/VQ17zxJDu1",stocks extend losing streak amid epic apple defeat floor amp décor goes roof entegris flashes early entry aapl fnd entg,positive,0.1,AAPL
669,1436345299753127937,2021-09-10 15:06:20+00:00,"See where top fund managers are placing their billion-dollar bets. #Microsoft, #Google and #Shopify join several leading #IPOs. https://t.co/HDEyBPkbZN",see top fund managers placing billiondollar bets microsoft google shopify join several leading ipos,positive,0.5,GOOGL
698,1435333047054835713,2021-09-07 20:04:00+00:00,"Nasdaq hits fresh high as Apple, PayPal among big-cap winners; DocuSign erases post-earnings gain $AAPL $PYPL $DOCU https://t.co/Qb0zy8hxBK",nasdaq hits fresh high apple paypal among bigcap winners docusign erases postearnings gain aapl pypl docu,positive,0.22999999999999998,AAPL
713,1434199856239857666,2021-09-04 17:01:06+00:00,"See how #Amazon, #Netflix, #PayPal, #Google and others tech #stocks rank in terms of trust with consumers. https://t.co/amlU9yP8hr",see amazon netflix paypal google others tech stocks rank terms trust consumers,negative,-0.4625,AMZN
714,1434170658582368256,2021-09-04 15:05:05+00:00,"Including #Apple and #Microsoft, here are the top #stocks Cathie Wood is buying for her next fund. https://t.co/j4xaF0MfxJ",including apple microsoft top stocks cathie wood buying next fund,positive,0.25,AAPL
721,1433911619034095617,2021-09-03 21:55:45+00:00,"#BuyNowPayLater, social commerce and peer-to-peer apps: IBD discusses how Millennial and Gen-Z shoppers are stimulating the economy with new payment technologies as $AFRM $AMZN $SHOP $PYPL $AAPL are in focus. WATCH: https://t.co/eFS7p4PAx4 https://t.co/gpe5EF7bZ2",buynowpaylater social commerce peertopeer apps ibd discusses millennial genz shoppers stimulating economy new payment technologies afrm amzn shop pypl aapl focus watch,positive,0.08484848484848484,AMZN
722,1433907133150638084,2021-09-03 21:37:55+00:00,Which companies do you trust with your data? See who joins #Amazon among the most trusted technology #stocks. https://t.co/2ahiyMvxaq,companies trust data see joins amazon among trusted technology stocks,neutral,0.0,AMZN
731,1433796587424305153,2021-09-03 14:18:39+00:00,This ETF owns all the #FANG stocks. $AMZN https://t.co/xTK3LHeENl,etf owns fang stocks amzn,positive,0.6,AMZN
764,1432433893550948352,2021-08-30 20:03:48+00:00,"Nasdaq clear winner in mixed market; Apple, PYPL, and Idexx in focus $AAPL $PYPL $IDXX https://t.co/6PIogTnmK2",nasdaq clear winner mixed market apple pypl idexx focus aapl pypl idxx,positive,0.10000000000000002,AAPL
770,1432394808732143618,2021-08-30 17:28:29+00:00,Shares in Affirm Holding $AFRM soar amid the consumer financing firm's new partnership with https://t.co/Gn6yloMgKV $AMZN. https://t.co/eSpSlDEN2X,shares affirm holding afrm soar amid consumer financing firms new partnership amzn,negative,-0.03181818181818183,AMZN
821,1430185558459011078,2021-08-24 15:09:43+00:00,"Steve Jobs, one of the great innovators of our time, stepped down from Apple $AAPL one year ago. The company hasn’t been the same since.  https://t.co/7DOHQtQbss",steve jobs great innovators time stepped apple aapl year ago company hasnt since,positive,0.8,AAPL
825,1429890707989336074,2021-08-23 19:38:05+00:00,Google parent Alphabet and Chipotle Mexican grill were among stocks topping buy points Monday. https://t.co/2wBjCsTJfg,google parent alphabet chipotle mexican grill among stocks topping buy points monday,positive,0.25,GOOGL
828,1429871867280732160,2021-08-23 18:23:13+00:00,"The two-decade war of Amazon vs. Walmart just heated up, with no end in sight. And the fight for retail and e-commerce dominance holds big stakes for both. https://t.co/QR6ahGPLQG",twodecade amazon vs walmart heated sight fight retail ecommerce dominance holds big stakes,neutral,0.0,AMZN
834,1429399209359429633,2021-08-22 11:05:03+00:00,"How can you find leading stocks like #Facebook, #Apple and #Nvidia before they make their big runs? Here’s a step-by-step guide for beginning investors. 
https://t.co/txcdXYmceI",find leading stocks like facebook apple nvidia make big runs heres stepbystep guide beginning investors,neutral,0.0,AAPL
835,1429399208126291974,2021-08-22 11:05:02+00:00,"#Nvidia, #Facebook and others reveal 7 telltale traits of #stocks on the verge of big moves. https://t.co/iBSmxWpzzo",nvidia facebook others reveal 7 telltale traits stocks verge big moves,negative,-0.0625,FB
841,1428809176688459777,2021-08-20 20:00:28+00:00,"Stock market rally rebounds from key levels; Facebook, Goldman Sachs, DocuSign near buy points $FB $GS $DOCU https://t.co/wLEtET8TWi",stock market rally rebounds key levels facebook goldman sachs docusign near buy points fb gs docu,positive,0.05,FB
848,1428523436754837508,2021-08-20 01:05:02+00:00,"How can you find leading stocks like #Facebook, #Apple and #Nvidia before they make their big runs? Here’s a step-by-step guide for beginning investors. 
https://t.co/i66iuhYk0u",find leading stocks like facebook apple nvidia make big runs heres stepbystep guide beginning investors,neutral,0.0,AAPL
857,1428354550872743942,2021-08-19 13:53:57+00:00,Nvidia and #FANG #stocks like Facebook and Google reveal 7 telltale traits of stock market leaders. https://t.co/KxyyGwK92t,nvidia fang stocks like facebook google reveal 7 telltale traits stock market leaders,neutral,0.0,FB
866,1428002512918007812,2021-08-18 14:35:04+00:00,"How can you find leading stocks like #Facebook, #Apple and #Nvidia before they make their big runs? Here’s a step-by-step guide for beginning investors. https://t.co/c933MjErPz",find leading stocks like facebook apple nvidia make big runs heres stepbystep guide beginning investors,neutral,0.0,AAPL
875,1427361370006179842,2021-08-16 20:07:24+00:00,"Rough start to indexes but finish is well off lows; Apple, AutoNation and Danaos in focus $AAPL $AN $DAC https://t.co/2xEAnBVBq4",rough start indexes finish well lows apple autonation danaos focus aapl dac,negative,-0.05,AAPL
884,1426892703246295043,2021-08-15 13:05:05+00:00,"Everyone knows Amazon, but are you watching the Amazon of Latin America? Get the story behind this stock's ""eye-popping"" growth. https://t.co/OaFqChfe81",everyone knows amazon watching amazon latin america get story behind stocks eyepopping growth,negative,-0.4,AMZN
893,1426530317347827717,2021-08-14 13:05:05+00:00,"The people have spoken... See how #Facebook, #Twitter, #Snapchat, #TikTok and other social media companies fare in terms of trust. https://t.co/QBSevs6RHK",people spoken see facebook twitter snapchat tiktok social media companies fare terms trust,positive,0.03333333333333333,FB
905,1426224432587083787,2021-08-13 16:49:37+00:00,"The Amazon $AMZN of Latin America, Mercado Libre $MELI, is taking full advantage of a major market opportunity that's pushed its stock sky high. #melistock #newamerica https://t.co/L6rnQ5ExYf",amazon amzn latin america mercado libre meli taking full advantage major market opportunity thats pushed stock sky high melistock newamerica,positive,0.19083333333333333,AMZN
915,1425910574324412419,2021-08-12 20:02:27+00:00,Stocks End Mixed As Large-Cap Techs Lead Nasdaq; Apple Gives Early Buy Signal https://t.co/HuLJuBIAEv,stocks mixed largecap techs lead nasdaq apple gives early buy signal,neutral,0.0,AAPL
920,1425828304343343104,2021-08-12 14:35:33+00:00,"The people have spoken... See how #Facebook, #Twitter, #Snapchat, #TikTok and other social media companies fare in terms of trust. https://t.co/QBSevsoszi",people spoken see facebook twitter snapchat tiktok social media companies fare terms trust,positive,0.03333333333333333,FB
947,1424857444522487840,2021-08-09 22:17:42+00:00,IBD Stock Of The Day: Apple $AAPL shows strength ahead of its iPhone 13 launch next month. Shares of the consumer electronics giant trade just below their all-time high. https://t.co/MFHgjD13kJ,ibd stock day apple aapl shows strength ahead iphone 13 launch next month shares consumer electronics giant trade alltime high,positive,0.05333333333333334,AAPL
960,1424325778494443525,2021-08-08 11:05:02+00:00,"Want to improve your chart reading skills? Nvidia, Netflix and more reveal 3 telltale clues to look for in your #stocks. https://t.co/O5yA4L6vZo",improve chart reading skills nvidia netflix reveal 3 telltale clues look stocks,neutral,0.0,NFLX
973,1423948294263386117,2021-08-07 10:05:03+00:00,The best mutual funds bet over $1 billion on both Google and Shopify. See what other #stocks they're investing in heavily. https://t.co/8p2gB5v1Wi,best mutual funds bet 1 billion google shopify see stocks theyre investing heavily,positive,1.0,GOOGL
983,1423718932612009990,2021-08-06 18:53:39+00:00,The best mutual funds bet over $1 billion on both Google and Shopify. See what other #stocks they're investing in heavily. https://t.co/8p2gB5v1Wi,best mutual funds bet 1 billion google shopify see stocks theyre investing heavily,positive,1.0,GOOGL
1011,1422980209754660871,2021-08-04 17:58:14+00:00,"For today’s trade, we’re looking at a calendar spread for @netflix. This spread is a neutral strategy aimed at generating income for your portfolio on a stagnant stock. #NFLX
WATCH the full video here: https://t.co/PHdca3qAe1 https://t.co/GdCe93iCz6",todays trade looking calendar spread spread neutral strategy aimed generating income portfolio stagnant stock nflx watch full video,positive,0.35,NFLX
1032,1422557950976086025,2021-08-03 14:00:20+00:00,"With fast fashion and e-commerce in vogue, apparel-related stocks are looking hot. @kornitdigital CEO Ronen Samuel tells us how $KRNT is disrupting the textile supply chain, with customers from Amazon to Adidas. WATCH: https://t.co/8ljyZnzd9b https://t.co/H8b5AMFgw5",fast fashion ecommerce vogue apparelrelated stocks looking hot ceo ronen samuel tells us krnt disrupting textile supply chain customers amazon adidas watch,positive,0.225,AMZN
1056,1421804165198721024,2021-08-01 12:05:03+00:00,"How much do you trust Facebook, Google, Apple, PayPal, Netflix and other tech titans? See which tech companies people trust the most.  https://t.co/rUyhtymtxx",much trust facebook google apple paypal netflix tech titans see tech companies people trust,positive,0.2,AAPL
1068,1421244376337063937,2021-07-30 23:00:39+00:00,"Stock Market Rally Pauses Near Highs Amid Earnings From Apple, Microsoft, Tesla, Amazon, Google, Facebook
https://t.co/fiXwQsr1eb

#apple #tesla #amazon #google #facebook #tesla",stock market rally pauses near highs amid earnings apple microsoft tesla amazon google facebook apple tesla amazon google facebook tesla,positive,0.13,AMZN
1071,1421212458732163072,2021-07-30 20:53:49+00:00,"How much do you trust Facebook, Google, Apple, PayPal, Netflix and other tech titans? See which tech companies people trust the most.  https://t.co/rUyhtymtxx",much trust facebook google apple paypal netflix tech titans see tech companies people trust,positive,0.2,AAPL
1073,1421200015029018624,2021-07-30 20:04:22+00:00,"Stocks fall modestly in quietly bullish week; Amazon tumbles, Steel Dynamics in buy range, decision time for Roku $AMZN $STLD $ROKU https://t.co/dZEdGItCvq",stocks fall modestly quietly bullish week amazon tumbles steel dynamics buy range decision time roku amzn stld roku,neutral,0.0,AMZN
1074,1421196995637743629,2021-07-30 19:52:22+00:00,"Rebar Rebound: With #steel and metals stocks acting better, this U.S. steelmaker moves toward new highs. https://t.co/2et1rvpbAl",rebar rebound steel metals stocks acting better us steelmaker moves toward new highs,positive,0.26545454545454544,FB
1085,1420897086409777152,2021-07-30 00:00:39+00:00,"Dow Jones futures edged higher Thursday night, while S&amp;P 500 futures fell modestly and Nasdaq futures retreated solidly.
https://t.co/BkuYiVVnC6
#stocks #NASDAQ #investing #amazon #tesla",dow jones futures edged higher thursday night sampp 500 futures fell modestly nasdaq futures retreated solidly stocks nasdaq investing amazon tesla,positive,0.25,AMZN
1101,1420492188438482948,2021-07-28 21:11:43+00:00,"Facebook $FB says second-quarter results beat estimates, as digital advertising for social media stocks overall has been on the upswing, but shares drop. https://t.co/1fftP2aEkV",facebook fb says secondquarter results beat estimates digital advertising social media stocks overall upswing shares drop,positive,0.03333333333333333,FB
1114,1420125512974929925,2021-07-27 20:54:41+00:00,Consumer electronics giant Apple $AAPL crushes Wall Street's targets for its fiscal third quarter and shares rise in extended trading. #aaplstock https://t.co/PlvGPXSqaL,consumer electronics giant apple aapl crushes wall streets targets fiscal third quarter shares rise extended trading aaplstock,neutral,0.0,AAPL
1115,1420125169914421259,2021-07-27 20:53:19+00:00,Google stock climbs after parent Alphabet $GOOGL reports June-quarter earnings and revenue that handily beats analyst estimates. #googlstock https://t.co/3GJGdNzcPS,google stock climbs parent alphabet googl reports junequarter earnings revenue handily beats analyst estimates googlstock,neutral,0.0,GOOGL
1120,1420089191975751686,2021-07-27 18:30:22+00:00,"5 Dow Jones #Stocks To Buy And Watch In July 2021: #Apple, #Microsoft Sell Off Before Earnings
https://t.co/JlPoRTu0ge",5 dow jones stocks buy watch july 2021 apple microsoft sell earnings,neutral,0.0,AAPL
1132,1419774717339312133,2021-07-26 21:40:45+00:00,"With Apple $AAPL stock in record high territory ahead of June-quarter results, expectations are high on Wall Street for an upbeat earnings report. https://t.co/azssNwyeVx",apple aapl stock record high territory ahead junequarter results expectations high wall street upbeat earnings report,positive,0.16,AAPL
1150,1419267446410817536,2021-07-25 12:05:02+00:00,"#EV #IPOs To Watch: Backed by $AMZN and $F, startup Rivian plans a second assembly plant ahead of an IPO.  https://t.co/pOoE8Aidq4",ev ipos watch backed amzn f startup rivian plans second assembly plant ahead ipo,neutral,0.0,AMZN
1201,1417575626907607040,2021-07-20 20:02:21+00:00,"Stocks rebound in broad-based rally; DocuSign breaks out; Facebook rebounds, Marvell reclaims buy point $DOCU $IGV $FB $MRVL https://t.co/6UbcuPq0HA",stocks rebound broadbased rally docusign breaks facebook rebounds marvell reclaims buy point docu igv fb mrvl,neutral,0.0,FB
1202,1417548604777111555,2021-07-20 18:14:58+00:00,Alphabet is in a buy zone but earnings are one week away. Invest or wait? https://t.co/M9aBjh8iuV,alphabet buy zone earnings week away invest wait,neutral,0.0,GOOGL
1207,1417245247994793986,2021-07-19 22:09:32+00:00,It’s Jeff Bezos and Blue Origin’s turn to head into space. The former $AMZN CEO takes flight on July 20. See how the upcoming @blueorigin launch will shape space tourism efforts. WATCH here: https://t.co/amNhQ883yy https://t.co/5YGQHy0HNp,jeff bezos blue origins turn head space former amzn ceo takes flight july 20 see upcoming launch shape space tourism efforts watch,neutral,0.0,AMZN
1219,1416715630389104643,2021-07-18 11:05:02+00:00,"What do Amazon, Facebook, Apple, Nvidia and other great #stocks all have common? They've all flashed these telltale chart patterns during their big runs. Here's what to look for... https://t.co/Rcg47TNVey",amazon facebook apple nvidia great stocks common theyve flashed telltale chart patterns big runs heres look,positive,0.16666666666666666,AMZN
1242,1415710369927024641,2021-07-15 16:30:29+00:00,What's coming to #Netflix? Forget the movies &amp; TV shows... Video games are reportedly in the pipeline.  https://t.co/fjq3hftK0f,whats coming netflix forget movies amp tv shows video games reportedly pipeline,negative,-0.4,NFLX
1283,1413587834599092224,2021-07-09 19:56:17+00:00,"Which stocks are the top money managers buying? Google, Nvidia and these leading IPOs show where the big money's flowing.
 https://t.co/bKxd15LVgT",stocks top money managers buying google nvidia leading ipos show big moneys flowing,positive,0.25,GOOGL
1287,1413505729911164932,2021-07-09 14:30:02+00:00,Big tech companies $FB $AMZN $AAPL $GOOGL $MSFT &amp; $TWTR are under fire for practices deemed anticompetitive. @IBD_BDeagon updates us on the ongoing #antitrust battle and how it could impact investors. WATCH here: https://t.co/wT374mUbVQ https://t.co/B7QSID1qjy,big tech companies fb amzn aapl googl msft amp twtr fire practices deemed anticompetitive updates us ongoing antitrust battle could impact investors watch,neutral,0.0,AMZN
1288,1413490734418645006,2021-07-09 13:30:27+00:00,The billionaire space race has turned into a battle of egos as $SPCE's Richard Branson aims to beat $AMZN founder Jeff Bezos into space by 9 days. See how the upcoming @virgingalactic and @blueorigin launches will shape space tourism efforts. WATCH here: https://t.co/amNhQ7Qs9Y https://t.co/fKKdNAELO9,billionaire space race turned battle egos spces richard branson aims beat amzn founder jeff bezos space 9 days see upcoming launches shape space tourism efforts watch,neutral,0.0,AMZN
1309,1412501747197648900,2021-07-06 20:00:34+00:00,"Mixed stock market has many losers, but Amazon, CrowdStrike, Shopify in buy zones $AMZN $CRWD $SHOP https://t.co/dexLxsluqi",mixed stock market many losers amazon crowdstrike shopify buy zones amzn crwd shop,neutral,0.0,AMZN
1311,1412428649329041409,2021-07-06 15:10:06+00:00,"Believe it or not, one stock did better than Amazon with Jeff Bezos as CEO. #stocks #investing https://t.co/yDaoWAlVaC",believe stock better amazon jeff bezos ceo stocks investing,positive,0.5,AMZN
1313,1412418575802028042,2021-07-06 14:30:04+00:00,NEW #InvestingStrategies! $DOCU CEO @DanDSpringer discusses strategic initiatives following @DocuSign's huge quarter. @IBD_ECarson talks EV stocks $TSLA $NIO and $XPEV. @IBD_BDeagon chats big tech #antitrust drama &amp; impact on $FB $GOOGL $AMZN $AAPL. WATCH: https://t.co/Wwuu7ynljk https://t.co/ocYOfOQT1e,new investingstrategies docu ceo discusses strategic initiatives following huge quarter talks ev stocks tsla nio xpev chats big tech antitrust drama amp impact fb googl amzn aapl watch,positive,0.1787878787878788,AMZN
1324,1411657323425275909,2021-07-04 12:05:07+00:00,"Digital Dogpile: @IBD_BDeagon explains how lawmakers are going after Amazon, Apple, Facebook and Google on antitrust issues like never before. https://t.co/uCPvVUnIMI",digital dogpile explains lawmakers going amazon apple facebook google antitrust issues like never,neutral,0.0,AMZN
1325,1411461005427843073,2021-07-03 23:05:02+00:00,"Tech trends have driven big gains this year, particularly for $GOOGL, $MSFT, $FB and $NVDA. But here are 3 events that could derail that tech train. https://t.co/Drw2REVUSn",tech trends driven big gains year particularly googl msft fb nvda 3 events could derail tech train,neutral,0.0,FB
1332,1411113719950626817,2021-07-03 00:05:02+00:00,"Nvidia, Facebook, Amazon and some recent IPOs reveal 7 telltale traits of winning stocks.  https://t.co/m22aQiOYCj",nvidia facebook amazon recent ipos reveal 7 telltale traits winning stocks,positive,0.4,AMZN
1336,1411053068045619201,2021-07-02 20:04:02+00:00,"Stock market rally extends gains as tech giants Apple, Google run up; Digital Turbine retreats $AAPL $GOOGL $APPS https://t.co/7xC7D0JxHM",stock market rally extends gains tech giants apple google run digital turbine retreats aapl googl apps,neutral,0.0,AAPL
1338,1411014162306715649,2021-07-02 17:29:26+00:00,"The cloud computing war between Amazon, Microsoft and Google is shifting into high gear! #stocks #investing #tech https://t.co/fHlnGEjbgL",cloud computing amazon microsoft google shifting high gear stocks investing tech,positive,0.16,AMZN
1340,1410997722732191747,2021-07-02 16:24:06+00:00,Enter for a chance to win a $50 Amazon gift card when you complete this #survey! https://t.co/EUQPekNt2Z #prize #amazing #money https://t.co/1UTTtgHaTU,enter chance win 50 amazon gift card complete survey prize amazing money,positive,0.8,AMZN
1341,1410993901071126528,2021-07-02 16:08:55+00:00,Billionaire Space Rivalry Gets Heated Between Virgin Galactic's Branson And Amazon's Bezos https://t.co/XpQFd2sCfd,billionaire space rivalry gets heated virgin galactics branson amazons bezos,neutral,0.0,AMZN
1346,1410664866327715849,2021-07-01 18:21:27+00:00,"Big Tech executives at Amazon ($AMZN), Apple ($AAPL), Facebook ($FB) and Alphabet's ($GOOGL) Google now face a dogpile from Washington lawmakers. #stocks
https://t.co/uCPvVUnIMI",big tech executives amazon amzn apple aapl facebook fb alphabets googl google dogpile washington lawmakers stocks,neutral,0.0,AMZN
1352,1409965805777788928,2021-06-29 20:03:38+00:00,"Stocks have quiet day; Apple, iPhone chipmaker Qorvo near buy points, ZipRecruiter breakout fizzles $AAPL $QRVO $ZIP https://t.co/amTRzfBcc3",stocks quiet day apple iphone chipmaker qorvo near buy points ziprecruiter breakout fizzles aapl qrvo zip,positive,0.05,AAPL
1357,1409627508077522947,2021-06-28 21:39:22+00:00,"Facebook won a round in court in two lawsuits alleging monopolistic practices. However, the court ruled the suits could be amended and return. https://t.co/Gnye4su7Ao",facebook round court two lawsuits alleging monopolistic practices however court ruled suits could amended return,negative,-0.2,FB
1372,1408515599970406400,2021-06-25 20:01:02+00:00,"Stock market caps strong, broad-based weekly  gain; Nike, Granite Construction break out, Amazon sets up $NKE $GVA $AMZN https://t.co/1aaHo9Af8e",stock market caps strong broadbased weekly gain nike granite construction break amazon sets nke gva amzn,positive,0.4333333333333333,AMZN
1376,1408453160457302027,2021-06-25 15:52:55+00:00,Richard Branson could beat Amazon and Blue Origin founder Jeff Bezos to space. $AMZN $SPCE https://t.co/Qwks5Y8SjQ,richard branson could beat amazon blue origin founder jeff bezos space amzn spce,neutral,0.0,AMZN
1377,1408413165109534720,2021-06-25 13:14:00+00:00,"Now that Microsoft joined Apple as a $2 trillion company, it's only natural to guess which company will be next. And the forecasts are clear. $MSFT $AAPL #stocks
https://t.co/A6YrlhFmsY",microsoft joined apple 2 trillion company natural guess company next forecasts clear msft aapl stocks,positive,0.05000000000000001,AAPL
1378,1408407145595478028,2021-06-25 12:50:05+00:00,Angry #Vanguard customers are taking to the Google Play app store to complain. https://t.co/DHuijxWJ1t,angry vanguard customers taking google play app store complain,neutral,0.0,GOOGL
1412,1405980313709285378,2021-06-18 20:06:43+00:00,"Stocks retreat to cap wild week; Amazon, Snap, Intuitive Surgical, two growth ETFs in focus $AMZN $SNAP $ISRG $ARKK $IGV https://t.co/K446nAOqg8",stocks retreat cap wild week amazon snap intuitive surgical two growth etfs focus amzn snap isrg arkk igv,positive,0.1,AMZN
1415,1405602342888685569,2021-06-17 19:04:48+00:00,"On this week's #IWIBD podcast, Larry Cordisco of Osterweis Capital tells @AlissaCoram why growth stocks could soon get their time in the sun again. As tech starts perking up, we discuss the long-term growth stories for $AMZN $AMD &amp; $APTV. 
WATCH here: https://t.co/vJFYjX8cCG https://t.co/vKhr8wK6RV",weeks iwibd podcast larry cordisco osterweis capital tells growth stocks could soon get time sun tech starts perking discuss longterm growth stories amzn amd amp aptv watch,neutral,0.0,AMZN
1450,1403414368545501184,2021-06-11 18:10:34+00:00,"The Blue Origin flight will mark the first crewed flight of the New Shepard rocket. $AMZN $SPCE #blueorigin
https://t.co/Vst0R0GsBv",blue origin flight mark first crewed flight new shepard rocket amzn spce blueorigin,positive,0.12878787878787878,AMZN
1453,1403356675063517188,2021-06-11 14:21:19+00:00,"The suspension of Donald Trump by Facebook, Twitter, and YouTube has escalated an already contentious push that has been underway for years to crack down on the influence of Big Tech. $FB $TWTR $GOOGL #donaldtrump
https://t.co/PCbsVsqNdC",suspension donald trump facebook twitter youtube escalated already contentious push underway years crack influence big tech fb twtr googl donaldtrump,neutral,0.0,FB
1479,1402295348647718913,2021-06-08 16:03:59+00:00,Virgin Galactic founder Richard Branson is reportedly trying to one-up rival Jeff Bezos. $SPCE #jeffbezos  #jeffbezostospace https://t.co/xcnrivkaRu,virgin galactic founder richard branson reportedly trying oneup rival jeff bezos spce jeffbezos jeffbezostospace,neutral,0.0,FB
1485,1401937819379978240,2021-06-07 16:23:17+00:00,Google parent Alphabet leads the list of the top stocks to buy or watch on Robinhood right now. $GOOGL #robinhood #stocks #stockstowatch https://t.co/W59Re1z9Nj,google parent alphabet leads list top stocks buy watch robinhood right googl robinhood stocks stockstowatch,positive,0.39285714285714285,GOOGL
1490,1401585457079586819,2021-06-06 17:03:07+00:00,Shares in Google-parent Alphabet have rallied some 39% in 2021. $GOOGL #stocks #stockstowatch #fangstocks https://t.co/SEBkvrCZhX,shares googleparent alphabet rallied 39 2021 googl stocks stockstowatch fangstocks,neutral,0.0,GOOGL
1493,1400906170135576580,2021-06-04 20:03:53+00:00,"Stocks roar back, S&amp;P 500 right at highs; Google, DocuSign, Dell accelerate toward buy points $GOOGL $DOCU $DELL https://t.co/q5vIH9lBVN",stocks roar back sampp 500 right highs google docusign accelerate toward buy points googl docu,positive,0.14857142857142858,GOOGL
1533,1398347053235793921,2021-05-28 18:34:52+00:00,At least one analyst has given up on Apple stock. $AAPL #apple #stocks #stockmarket https://t.co/wDgFWGG963,least analyst given apple stock aapl apple stocks stockmarket,negative,-0.3,AAPL
1567,1396562952367394816,2021-05-23 20:25:29+00:00,These are the five top stocks to watch this week. $GOOGL $ASML #stocks #stockstobuy #stockstowatch https://t.co/YjUSGpDd5m,five top stocks watch week googl asml stocks stockstobuy stockstowatch,positive,0.5,GOOGL
1575,1395469884524359680,2021-05-20 20:02:01+00:00,"Nasdaq powers higher, led by chip stocks; Lam Research, Facebook, West Pharma in focus $FB $LRCX $WST https://t.co/MfTdqKvgtI",nasdaq powers higher led chip stocks lam research facebook west pharma focus fb lrcx wst,positive,0.25,FB
1585,1395070079881007106,2021-05-19 17:33:20+00:00,"AMD CEO @LisaSu upended the computer chip industry and pulled off an epic turnaround in tech — arguably the biggest since Apple. 
https://t.co/tXhv9CO5Kc",amd ceo upended computer chip industry pulled epic turnaround tech arguably biggest since apple,positive,0.1,AAPL
1588,1395042391220834310,2021-05-19 15:43:19+00:00,The Dow dived Wednesday morning before paring some losses. #dowjones #stockmarket #Bitcoin $TSLA $AAPL https://t.co/hAubYyMn4F,dow dived wednesday morning paring losses dowjones stockmarket bitcoin tsla aapl,neutral,0.0,AAPL
1613,1393295280636792834,2021-05-14 20:00:55+00:00,"Market rally rebounds but down for week: ASML, Google flash buy signals; Why Apple isn’t a leader $ASML $GOOGL $AAPL https://t.co/utzin42H4Q",market rally rebounds week asml google flash buy signals apple isnt leader asml googl aapl,neutral,0.0,AAPL
1633,1392588511866404873,2021-05-12 21:12:28+00:00,"For this option strategy, we’re going look at @Facebook. With #Facebook stock trading around 300, setting up a calendar spread at 310 gives the trade a neutral to slightly bullish outlook. $FB
For more, go to: https://t.co/Y2cDOf8Za5. https://t.co/i9D7xOPE3j",option strategy going look facebook stock trading around 300 setting calendar spread 310 gives trade neutral slightly bullish outlook fb go,neutral,0.0,FB
1655,1391373133895045125,2021-05-09 12:43:00+00:00,"Alphabet, the parent company of Google, has been outperforming the S&amp;P 500 in the last year. $GOOGL #swingtrading #stocks https://t.co/0iWREQXtO7",alphabet parent company google outperforming sampp 500 last year googl swingtrading stocks,neutral,0.0,GOOGL
1665,1390677468655153155,2021-05-07 14:38:40+00:00,"These ten tech stocks are up 30% or more just this year alone. $AAPL #stocks #techstocks #stockstowatch

https://t.co/aGvJVPmW6D",ten tech stocks 30 year alone aapl stocks techstocks stockstowatch,neutral,0.0,AAPL
1699,1388223495151128577,2021-04-30 20:07:27+00:00,"Amazon is the IBD Stock Of The Day, as the e-commerce leader turned in a first-quarter earnings report late Thursday that was widely applauded by analysts. $AMZN #stocks #stockstowatch #ibdstockoftheday https://t.co/2iKXNx0boS",amazon ibd stock day ecommerce leader turned firstquarter earnings report late thursday widely applauded analysts amzn stocks stockstowatch ibdstockoftheday,negative,-0.2,AMZN
1701,1388221685548019712,2021-04-30 20:00:16+00:00,"Stock market weathers huge earnings week; Facebook, Element Solutions, Apple in focus $FB $ESI $AAPL https://t.co/ci31qB8E64",stock market weathers huge earnings week facebook element solutions apple focus fb esi aapl,positive,0.4000000000000001,AAPL
1710,1387861187518373888,2021-04-29 20:07:46+00:00,"Stock market rallies, Nasdaq hits all-time high; Apple, Facebook earnings in focus $AAPL $FB $CCS https://t.co/HNIi9aTdvS",stock market rallies nasdaq hits alltime high apple facebook earnings focus aapl fb ccs,positive,0.16,AAPL
1718,1387791471294648322,2021-04-29 15:30:45+00:00,"Talk about a good, but costly, problem to have. $AAPL #apple #stocks https://t.co/Gs4aJ00nwN",talk good costly problem aapl apple stocks,positive,0.7,AAPL
1741,1386755681789698051,2021-04-26 18:54:53+00:00,Will Google-parent Alphabet's stock momentum continue with its first-quarter results? $GOOGL #stocks #earnings #google https://t.co/9ppQHAZSba,googleparent alphabets stock momentum continue firstquarter results googl stocks earnings google,neutral,0.0,GOOGL
1786,1384602543947350025,2021-04-20 20:19:05+00:00,"AirTags are among the new gadgets that Apple debuted on Tuesday. $AAPL #apple #appleevent #airtags
https://t.co/EHTarTmUEt",airtags among new gadgets apple debuted tuesday aapl apple appleevent airtags,positive,0.13636363636363635,AAPL
1801,1383106670771929089,2021-04-16 17:15:01+00:00,Netflix Due As Top Tech Stocks Start To Report: Investing Action Plan https://t.co/cqJ4KktKa7,netflix due top tech stocks start report investing action plan,positive,0.15833333333333333,NFLX
1802,1383091910617616387,2021-04-16 16:16:22+00:00,Will a rumored electric Apple car be something revolutionary or just a me-too electric vehicle to compete with the likes of Tesla? $AAPL $TSLA #evs #electricvehicles #stocks #evstocks #techstocks https://t.co/DRlIoGFJWi,rumored electric apple car something revolutionary metoo electric vehicle compete likes tesla aapl tsla evs electricvehicles stocks evstocks techstocks,neutral,0.0,AAPL
1821,1382365900318273538,2021-04-14 16:11:28+00:00,These seven tech stocks are snapping back big-time. #stocks #tech #stockstowatch $AAPL $NOW $PAYC https://t.co/Go8Z5CMuPN,seven tech stocks snapping back bigtime stocks tech stockstowatch aapl payc,neutral,0.0,AAPL
1845,1380611761888354304,2021-04-09 20:01:09+00:00,"Stock market rally caps another impressive week; Floor &amp; Decor, Roblox, Google flash buy signals $FND $RBLX $GOOGL https://t.co/KcvgYZ8q6I",stock market rally caps another impressive week floor amp decor roblox google flash buy signals fnd rblx googl,neutral,0.0,GOOGL
1853,1380549260949655552,2021-04-09 15:52:47+00:00,Here's how President Biden's tax plan could affect big tech. $AMZN $GOOGL $FB $AAPL $MSFT #stocks https://t.co/M7nUKJutku,heres president bidens tax plan could affect big tech amzn googl fb aapl msft stocks,neutral,0.0,AMZN
1856,1380491683725410311,2021-04-09 12:04:00+00:00,Should you buy Apple stock right now? Here's what the IBD analysis and stock chart shows. $AAPL #stocks #stockstobuy #stockstowatch https://t.co/ncVttNe2Wg,buy apple stock right heres ibd analysis stock chart shows aapl stocks stockstobuy stockstowatch,positive,0.2857142857142857,AAPL
1875,1379524575352872960,2021-04-06 20:01:03+00:00,"Stock market holds strong recent gains; Google, Sea Ltd., Chipotle in buy range $GOOGL $SE $CMG https://t.co/nEhzni6BFz",stock market holds strong recent gains google ltd chipotle buy range googl cmg,positive,0.21666666666666665,GOOGL
1879,1379428590719098888,2021-04-06 13:39:39+00:00,Apple and Microsoft are among the top Dow stocks investors should pay attention to this month. $AAPL $MSFT #stocks #stockstowatch #investing https://t.co/DInoecMyOy,apple microsoft among top dow stocks investors pay attention month aapl msft stocks stockstowatch investing,positive,0.5,AAPL
1904,1377714294633025536,2021-04-01 20:07:39+00:00,"Market rally improves with Nasdaq at key juncture; Qorvo, Google, Diamondback flash buy signals $QRVO $GOOGL $FANG https://t.co/C6vjaIiOfV",market rally improves nasdaq key juncture qorvo google diamondback flash buy signals qrvo googl fang,neutral,0.0,GOOGL
1918,1377293498446094339,2021-03-31 16:15:33+00:00,One Wall Street analyst thinks the possibility of The Apple Car is enough to be bullish on Apple stock. $AAPL #stocks #stockstowatch #electricvehicles https://t.co/hpsRwdjQde,wall street analyst thinks possibility apple car enough bullish apple stock aapl stocks stockstowatch electricvehicles,neutral,0.0,AAPL
1927,1376912348166942727,2021-03-30 15:01:00+00:00,Ready to see Dr. Amazon? Futurist @amywebb of the Future Today Institute (@FTI) weighs in on the tech giant’s new biz strategy and how our data will be the golden ticket in reshaping health care. WATCH the full interview HERE: https://t.co/oipneWaKrK $AMZN https://t.co/5rovDJBo3Q,ready see dr amazon futurist future today institute weighs tech giants new strategy data golden ticket reshaping health watch full interview amzn,positive,0.1965909090909091,AMZN
1940,1375887010611650567,2021-03-27 19:06:40+00:00,These five consumer stocks are ones to watch this week as they near buy points. #stocks #stockmarket #stockstowatch $FB $GM $DIS https://t.co/EqPFm48KzR,five consumer stocks ones watch week near buy points stocks stockmarket stockstowatch fb gm dis,positive,0.1,FB
1944,1375518002897031170,2021-03-26 18:40:22+00:00,"Should SPDR S&amp;P Metals &amp; Mining ETF, an exchange traded fund that tracks an array of U.S. mining stocks and metals stocks, be on your watchlist? $XME #stockstowatch #ibdstockoftheday #ETFs https://t.co/KSmzae6y2i",spdr sampp metals amp mining etf exchange traded fund tracks array us mining stocks metals stocks watchlist xme stockstowatch ibdstockoftheday etfs,neutral,0.0,FB
1991,1373010337209851905,2021-03-19 20:35:48+00:00,Facebook stock jumped Friday following comments by Mark Zuckerberg indicating a shift in his view of Apple's new user privacy update. $FB $AAPL #stocks #investingnews https://t.co/D9h0jOpzga,facebook stock jumped friday following comments mark zuckerberg indicating shift view apples new user privacy update fb aapl stocks investingnews,positive,0.13636363636363635,AAPL
1992,1373001897360060420,2021-03-19 20:02:16+00:00,"Dow living above key levels, Nasdaq stuck below; Dick’s Sporting Goods, Facebook flash buy signals, Novocure wedges higher $DKS $FB $NVCR https://t.co/nTWH0HjqFa",dow living key levels nasdaq stuck dicks sporting goods facebook flash buy signals novocure wedges higher dks fb nvcr,positive,0.2715909090909091,FB
2057,1370118360722071556,2021-03-11 21:04:07+00:00,"Nasdaq powers higher, reclaims 50-day line; Alphabet, Twitter, Discover Financial in focus $GOOGL $TWTR $DFS https://t.co/WI21b9svFg",nasdaq powers higher reclaims 50day line alphabet twitter discover financial focus googl twtr dfs,positive,0.25,GOOGL
2090,1368596421562093572,2021-03-07 16:16:28+00:00,These top #stocks near buy points are ones to watch this week. $GOOGL $MSFT $VALE #stockstowatch #stockstotrade https://t.co/GXnV4Uuj2d,top stocks near buy points ones watch week googl msft vale stockstowatch stockstotrade,positive,0.3,GOOGL
2095,1367920758534463488,2021-03-05 19:31:38+00:00,"The IBD Stock of the Day, Alphabet, stands out amid market turbulence. $GOOGL #ibdstockoftheday #stockstowatch #stockoftheday https://t.co/lhaHovUAP5",ibd stock day alphabet stands amid market turbulence googl ibdstockoftheday stockstowatch stockoftheday,neutral,0.0,GOOGL
2106,1367581782183317506,2021-03-04 21:04:39+00:00,Stock market sell-off intensifies after Powell remarks; Alphabet shows uncanny strength $GOOGL $TSM $FBC https://t.co/AW4ou1q626,stock market selloff intensifies powell remarks alphabet shows uncanny strength googl tsm fbc,neutral,0.0,FB
2116,1367195310976471042,2021-03-03 19:28:58+00:00,"Flagstar Bancorp is the IBD Stock of the Day, with several quarters of triple-digit earnings growth. $FBC #ibdstockoftheday #stockstowatch https://t.co/luN7ZRlFYB",flagstar bancorp ibd stock day several quarters tripledigit earnings growth fbc ibdstockoftheday stockstowatch,neutral,0.0,FB
2146,1366450411784216580,2021-03-01 18:09:00+00:00,This key offense-style sell rule can help investors figure out when the right time is to sell a stock. #stocks #investing $AMZN https://t.co/RjzUIIP5WQ,key offensestyle sell rule help investors figure right time sell stock stocks investing amzn,positive,0.14285714285714285,AMZN
2174,1365030555901779968,2021-02-25 20:07:00+00:00,"Is Apple stock a buy right now? Here's what the stock chart and IBD analysis shows. $AAPL #stockstowatch

https://t.co/pi3Mzn8uWx",apple stock buy right heres stock chart ibd analysis shows aapl stockstowatch,positive,0.2857142857142857,AAPL
2214,1362801262283030531,2021-02-19 16:28:35+00:00,"Apple just had a banner year, but there's still one key financial measure where it's not number one. $AAPL 

https://t.co/8kABtE8rUF",apple banner year theres still key financial measure number aapl,neutral,0.0,AAPL
2235,1362145624750133248,2021-02-17 21:03:19+00:00,"Indexes mixed as leaders are down but not out; Wells Fargo, Cleveland Cliffs and Amazon in focus $WFC $CLF $AMZN https://t.co/AJX6SlwCe9",indexes mixed leaders wells fargo cleveland cliffs amazon focus wfc clf amzn,neutral,0.0,AMZN
2245,1361782328293429250,2021-02-16 20:59:42+00:00,"Stocks hold near record highs; JPMorgan, Caterpillar clear buy points, Apple tests support $JPM $CAT $AAPL https://t.co/TK3PmfRnzt",stocks hold near record highs jpmorgan caterpillar clear buy points apple tests support jpm aapl,positive,0.12000000000000001,AAPL
2299,1358887326768857089,2021-02-08 21:16:00+00:00,"Kia and Hyundai are no longer in talks with Apple $AAPL on an electric vehicle. #evs #electricvehicles

https://t.co/ATCGwSRfdw",kia hyundai longer talks apple aapl electric vehicle evs electricvehicles,neutral,0.0,AAPL
2320,1357695427676573697,2021-02-05 14:19:49+00:00,"https://t.co/Gn6ylp3RCt $AMZN founder Jeff Bezos is one of the greatest founding CEOs in the S&amp;P 500. But even he isn't No. 1.

https://t.co/aFRcDjecqA",amzn founder jeff bezos greatest founding ceos sampp 500 even isnt 1,positive,1.0,AMZN
2326,1357360984642383873,2021-02-04 16:10:51+00:00,Top management can turn a good company into an exceptional one — and Jeff Bezos' run at Amazon $AMZN shows by just how much. https://t.co/kbc2spLCA4,top management turn good company exceptional jeff bezos run amazon amzn shows much,positive,0.4666666666666666,AMZN
2350,1356346737531650048,2021-02-01 21:00:36+00:00,"The Nasdaq outperformed Monday, helped by strong performance from Google parent Alphabet, Align Technologies and Qualcomm $GOOGL $ALGN $QCOM https://t.co/GUvCXIWPJf",nasdaq outperformed monday helped strong performance google parent alphabet align technologies qualcomm googl algn qcom,positive,0.4333333333333333,GOOGL
2351,1356331233807130629,2021-02-01 19:59:00+00:00,"Silver prices surged Monday as retail investors that have been snapping up stocks like GameStop $GME and AMC $AMC appear to have turned their attention to the metals market. #silvershortsqueeze #silver #stockmarket

https://t.co/jpR0CCR0D3",silver prices surged monday retail investors snapping stocks like gamestop gme amc amc appear turned attention metals market silvershortsqueeze silver stockmarket,neutral,0.0,FB
2368,1355224576976773121,2021-01-29 18:41:32+00:00,"Amazon, Cyber Leaders, Biotechs To Report; Jobs Data Due: Investing Action Plan https://t.co/9IrnfObAYZ",amazon cyber leaders biotechs report jobs data due investing action plan,negative,-0.012499999999999997,AMZN
2407,1352722771244007425,2021-01-22 21:00:15+00:00,"Stock market rally powers to highs: Palantir skyrockets, Apple hits buy zone, Caterpillar sets up $PLTR $AAPL $CAT https://t.co/q9eOkRKxmO",stock market rally powers highs palantir skyrockets apple hits buy zone caterpillar sets pltr aapl,positive,0.16,AAPL
2410,1352695023993835520,2021-01-22 19:10:00+00:00,Here's what investors should know about buying Apple $AAPL stock ahead of the company's earnings report on Jan. 27. #stockstowatch https://t.co/fZWVqJc4Xd,heres investors know buying apple aapl stock ahead companys earnings report jan 27 stockstowatch,neutral,0.0,AAPL
2412,1352683706129948673,2021-01-22 18:25:01+00:00,"Apple, Tesla, Microsoft Lead Earnings Rush; Fed Meeting Due: Investing Action Plan https://t.co/YNHrqjbBgX",apple tesla microsoft lead earnings rush fed meeting due investing action plan,negative,-0.012499999999999997,AAPL
2423,1351998174966083586,2021-01-20 21:00:58+00:00,"Techs Lead On Biden Inauguration Day; Apple, Five9 and Datadog Offer Early Entries $AAPL $FIVN $DDOG https://t.co/MrdSeoHigs",techs lead biden inauguration day apple five9 datadog offer early entries aapl fivn ddog,neutral,0.0,AAPL
2425,1351973016670924801,2021-01-20 19:21:00+00:00,Netflix $NFLX is the IBD Stock Of The Day as the streaming video giant posted better-than-expected subscriber growth in the fourth quarter. #ibstockoftheday #stockstowatch https://t.co/sqfGiZ7HxK,netflix nflx ibd stock day streaming video giant posted betterthanexpected subscriber growth fourth quarter ibstockoftheday stockstowatch,neutral,0.0,NFLX
2451,1350181982735462401,2021-01-15 20:44:04+00:00,"Tiny data files called cookies have tracked computer users' moves on the web for decades. But Google and Apple are forging ahead with plans to thwart online ad trackers, leaving advertisers scrambling to adjust. $GOOGL $AAPL #advertising

https://t.co/uiaWpeoFwR",tiny data files called cookies tracked computer users moves web decades google apple forging ahead plans thwart online trackers leaving advertisers scrambling adjust googl aapl advertising,neutral,0.0,AAPL
2473,1349754359735865347,2021-01-14 16:24:51+00:00,"On this week's #InvestingwithIBD, @IBD_CGessel joins @IBD_Irusha to talk #stocks flashing buy signals like $AAPL $DOCU and $ABNB. Plus, we look at why the market is shifting focus to sales over earnings when it comes to stock fundamentals. WATCH here: https://t.co/fI5Y6yUrjH https://t.co/cwlRskpEAh",weeks investingwithibd joins talk stocks flashing buy signals like aapl docu abnb plus look market shifting focus sales earnings comes stock fundamentals watch,neutral,0.0,AAPL
2480,1349461562193395712,2021-01-13 21:01:22+00:00,"Nasdaq 100 Leads As Big Tech Shows Power; Apple, PayPal and Intuitive Surgical Setup $AAPL $PYPL $ISRG https://t.co/2KKgtrlS0V",nasdaq 100 leads big tech shows power apple paypal intuitive surgical setup aapl pypl isrg,neutral,0.0,AAPL
2494,1349003688812048385,2021-01-12 14:41:57+00:00,"Here's what social media users are worth to Twitter $TWTR, Facebook $FB, and other social media #stocks. https://t.co/NsIJp5tM5t",heres social media users worth twitter twtr facebook fb social media stocks,positive,0.12222222222222222,FB
2515,1347568288608391171,2021-01-08 15:38:11+00:00,"The race to be the next trillion-dollar company just got more interesting. $TSLA $FB

https://t.co/zdcujipsrz",race next trilliondollar company got interesting tsla fb,neutral,0.0,FB
2546,1346201156230344704,2021-01-04 21:05:41+00:00,"Stock market faces early 2021 test; Nio jumps, Apple falls, Shopify round trips $NIO $AAPL $SHOP https://t.co/tiHZxUexGf",stock market faces early 2021 test nio jumps apple falls shopify round trips nio aapl shop,negative,-0.2,AAPL
2568,1344309033704988673,2020-12-30 15:47:04+00:00,Apple #AAPL and Moody's $MCO are two well-known winning stocks that Warren Buffett owns. But many of his top #stocks in 2020 are far less obvious. #warrenbuffett #stockstowatch https://t.co/zZphixxyHE,apple aapl moodys mco two wellknown winning stocks warren buffett owns many top stocks 2020 far less obvious warrenbuffett stockstowatch,positive,0.36666666666666664,AAPL
2575,1343663234444709890,2020-12-28 21:00:53+00:00,"Amazon, other big caps lead market rally to new highs, Ross Stores in buy zone; Shopify, growth names retreat $AMZN $ROST $SHOP https://t.co/7eijB9pUDN",amazon big caps lead market rally new highs ross stores buy zone shopify growth names retreat amzn rost shop,positive,0.0987878787878788,AMZN
2599,1342161050284613634,2020-12-24 17:31:45+00:00,"#Section230 of the Communications Decency Act now sits in the crosshairs of a Congress that is upset over its broad protections for tech giants like Amazon $AMZN, Facebook $FB, Twitter $TWTR, and others. https://t.co/bpOZw5h2n1",section230 communications decency act sits crosshairs congress upset broad protections tech giants like amazon amzn facebook fb twitter twtr others,negative,-0.020833333333333332,AMZN
2621,1341442217563451393,2020-12-22 17:55:22+00:00,These lidar #stocks jumped Tuesday on a report that Apple $AAPL could make a self-driving car by 2024. https://t.co/yUid2FOXV7,lidar stocks jumped tuesday report apple aapl could make selfdriving car 2024,neutral,0.0,AAPL
2623,1341416708289028097,2020-12-22 16:14:00+00:00,"Amazon $AMZN enters 2021 with plenty of big opportunities for continued growth.

https://t.co/s3l1QCnNgw",amazon amzn enters 2021 plenty big opportunities continued growth,neutral,0.0,AMZN
2625,1341399412988383238,2020-12-22 15:05:16+00:00,"“Always deliver more than expected.” — Larry Page, co-founder of Google",always deliver expected larry page cofounder google,neutral,0.0,GOOGL
2655,1339246996742426625,2020-12-16 16:32:20+00:00,"Dow Jones leader @Apple is ripe for another rally after bouncing off the 21-day moving average. With earnings due in January, here’s an option trade for investors looking to get long $AAPL. For more on options, go to https://t.co/xAJtZgQEcf. https://t.co/kiCXbOKcMB",dow jones leader ripe another rally bouncing 21day moving average earnings due january heres option trade investors looking get long aapl options go,negative,-0.0875,AAPL
2659,1338966088344801280,2020-12-15 21:56:06+00:00,Make sure to check out the latest episode of “Stock Market Today” with @AlissaCoram and @IBD_ECarson for IBD’s end-of-day market insights and analysis of notable stock moves from today’s trading session. Watch the full video HERE: https://t.co/RLyrU7L93u $AAPL $SEDG $CMG https://t.co/HQu3mrcOdV,make sure check latest episode stock market today ibds endofday market insights analysis notable stock moves todays trading session watch full video aapl sedg cmg,positive,0.45,AAPL
2660,1338952055654760448,2020-12-15 21:00:21+00:00,"Apple leads stock market rally; SolarEdge also breaks out, Chipotle just below buy point $AAPL $SEDG $CMG https://t.co/We4dTkiC8R",apple leads stock market rally solaredge breaks chipotle buy point aapl sedg cmg,neutral,0.0,AAPL
2661,1338949858594488320,2020-12-15 20:51:37+00:00,"Here's why investors may want to add Apple $AAPL, the IBD Stock Of The Day, to their watchlist. #stockstowatch https://t.co/wNCMHoIGkn",heres investors may add apple aapl ibd stock day watchlist stockstowatch,neutral,0.0,AAPL
2691,1337133781694767104,2020-12-10 20:35:10+00:00,"On the latest #InvestingwithIBD, @IBD_Irusha is joined by @RossHaber_ to discuss how to make a trading strategy your own. Plus, we use 2 key indicators to screen for leading growth #stocks like $TSLA, $UBER, $AMZN and $ZM. WATCH the full video at  https://t.co/2RZXgVToCt https://t.co/cFEWbU70rD",latest investingwithibd joined discuss make trading strategy plus use 2 key indicators screen leading growth stocks like tsla uber amzn zm watch full video,positive,0.2833333333333333,AMZN
2697,1336777962436272128,2020-12-09 21:01:17+00:00,"Nasdaq leads sell-off; Shopify, marijuana stock near buy points; Facebook faces antitrust suits $SHOP $IIPR $FB https://t.co/lw8bhleljA",nasdaq leads selloff shopify marijuana stock near buy points facebook faces antitrust suits shop iipr fb,positive,0.1,FB
2714,1336317146092220419,2020-12-08 14:30:09+00:00,"NEW #InvestingStrategies! @munster_gene of @LoupVentures talks top #tech companies to watch, incl. $AAPL $Z &amp; two upcoming #IPOs. @Dunne_ZoZoGo discusses China EV stocks vs. $TSLA, &amp; @IBD_JNielsen shares a #WarrenBuffett lesson for growth investors. WATCH: https://t.co/i7hOq434gF https://t.co/6hmrXQceY6",new investingstrategies talks top tech companies watch incl aapl amp two upcoming ipos discusses china ev stocks vs tsla amp shares warrenbuffett lesson growth investors watch,positive,0.3181818181818182,AAPL
2751,1333878870613786624,2020-12-01 21:01:19+00:00,"S&amp;P 500, Nasdaq hit highs: Apple, Qualcomm in buy range; time to take some Moderna profits? $AAPL $QCOM $MRNA https://t.co/9Bp4SPAjPo",sampp 500 nasdaq hit highs apple qualcomm buy range time moderna profits aapl qcom mrna,positive,0.16,AAPL
2758,1333516007340576768,2020-11-30 20:59:26+00:00,"Blue chips and small caps lagged Monday, but the Nasdaq composite closed well off lows $AMD $SHOP $AAPL https://t.co/NrnuGYBmY2",blue chips small caps lagged monday nasdaq composite closed well lows amd shop aapl,negative,-0.08333333333333333,AAPL
2796,1331342171685810177,2020-11-24 21:01:23+00:00,"Dow Jones hits record high: Google, PayPal flash buy signals; Novocure tumbles $GOOGL $PYPL $NVCR https://t.co/U6CzVUEQgI",dow jones hits record high google paypal flash buy signals novocure tumbles googl pypl nvcr,positive,0.16,GOOGL
2808,1329859294506860545,2020-11-20 18:48:58+00:00,"Amazon $AMZN continues to push further in the health care field and could be a huge disruptor. Here's what that means for its #stock.

https://t.co/wYODg3hv6D",amazon amzn continues push health field could huge disruptor heres means stock,positive,0.04375000000000004,AMZN
2826,1328771133840236546,2020-11-17 18:45:00+00:00,"Warren Buffett's latest portfolio moves include shedding some Apple ( $AAPL) while buying up several key drug stocks.

https://t.co/8bbPydsuxp",warren buffetts latest portfolio moves include shedding apple aapl buying several key stocks,positive,0.25,AAPL
2827,1328762073778511873,2020-11-17 18:09:00+00:00,"Amazon ( $AMZN) made waves on Wall Street Tuesday morning with the launch of Amazon Pharmacy.

https://t.co/1Eyd2lXRTO",amazon amzn made waves wall street tuesday morning launch amazon pharmacy,neutral,0.0,AMZN
2851,1326269035298783232,2020-11-10 21:02:33+00:00,"Stocks diverge again; RH nears buy points, Apple holds support, Alibaba tumbles $RH $AAPL $BABA https://t.co/U56WEfw3y5",stocks diverge rh nears buy points apple holds support alibaba tumbles rh aapl baba,positive,0.1,AAPL
2859,1325842468374413318,2020-11-09 16:47:32+00:00,"Apple Mac Event On Tap, Coronavirus Vaccine Maker BioNTech Leads 9 IPO Earnings Reports: Investing Action Plan https://t.co/ociqGrLmmU",apple mac event tap coronavirus vaccine maker biontech leads 9 ipo earnings reports investing action plan,positive,0.1,AAPL
2878,1324094552332890112,2020-11-04 21:01:56+00:00,Stocks rally after Election Day: https://t.co/pMKAgHTGTY and Alphabet show breakouts but Nio could be a climax top $JD $GOOGL $NIO https://t.co/ruy9NQP9Gf,stocks rally election day alphabet show breakouts nio could climax top jd googl nio,positive,0.65,GOOGL
2913,1322202976216252417,2020-10-30 15:45:29+00:00,"The Dow briefly plunged early Friday, as Apple dived on earnings. Click through for more of the latest #stockmarketnews. https://t.co/bn8ALOsr2a",dow briefly plunged early friday apple dived earnings click latest stockmarketnews,positive,0.5,AAPL
2934,1321489964778094594,2020-10-28 16:32:14+00:00,"WATCH: @Chegg stock is taking a hit on earnings, after more than doubling in 2020 – CFO Andy Brown tells IBD’s @alissacoram about $CHGG’s growth plans &amp; how they’re like the Amazon Prime of online education. Full interview here https://t.co/WGl0vPzRRs https://t.co/ON82ktgB5J",watch stock taking hit earnings doubling 2020 cfo andy brown tells ibds chggs growth plans amp theyre like amazon prime online education full interview,positive,0.35,AMZN
2936,1321478212958842880,2020-10-28 15:45:32+00:00,"Apple, Amazon, Facebook To Report; Q3 GDP Data Due: Investing Action Plan https://t.co/gsYdLPaybd",apple amazon facebook report q3 gdp data due investing action plan,negative,-0.012499999999999997,AMZN
