,id,date,raw_txt,clean_tweets,sentiment,sentiment_continuous,BelongsTo
110,1458195314729496582,2021-11-09 22:10:29+00:00,The young company was able to shrug off a 70 hour outage and the return of kids to school like it was nothing. We’re excited to see what else is in store for the Metaverse stock.,young company able shrug 70 hour outage return kids school like nothing excited see else store metaverse stock,positive,0.1,FB
156,1455937570597183489,2021-11-03 16:39:01+00:00,"~20 minutes until our @TwitterSpaces about $FB! 

Drop your favorite meme about the metaverse in the replies 👇",20 minutes fb drop favorite meme metaverse replies,neutral,0.0,FB
161,1455625018256379910,2021-11-02 19:57:03+00:00,"We’re about to get meta tomorrow on @TwitterSpaces tomorrow, 11/3, at 1 PM ET talking about all things $FB. 

Come join us! https://t.co/GExWtOz5Rk",get meta tomorrow tomorrow 113 1 pm talking things fb join us,neutral,0.0,FB
174,1455297162867351555,2021-11-01 22:14:16+00:00,"Ford and Amazon-backed EV company Rivian is chasing a *$60 billion valuation* for its opening trade next week. 

Are you taking the over or the under? 

$RIVN",ford amazonbacked ev company rivian chasing 60 billion valuation opening trade next week taking rivn,neutral,0.0,AMZN
189,1453881384599175171,2021-10-29 00:28:28+00:00,"💰 Amazon and Apple rounded out a big week for Big Tech
📉 $GFS closed the day -1.77% in its trading debut
💱 Facebook Is Going Meta

Rip it!

https://t.co/s0DPQrQyz3",amazon apple rounded big week big tech gfs closed day 177 trading debut facebook going meta rip,negative,-0.06666666666666667,AMZN
205,1452781180034686979,2021-10-25 23:36:39+00:00,"Happy Monday! 

🚀 Bakkt soared 235% after sealing two deals.
⚡ Tesla topped $1 trillion market cap
💰 Facebook beat earnings but missed sales expectations 

https://t.co/XnsHOHsOEh https://t.co/MHWJBr0De5",happy monday bakkt soared 235 sealing two deals tesla topped 1 trillion market cap facebook beat earnings missed sales expectations,positive,0.5,FB
224,1451223476182847489,2021-10-21 16:26:53+00:00,$FB,fb,neutral,0.0,FB
225,1451223415894036480,2021-10-21 16:26:39+00:00,"Facebook is rebranding. What’s their new name going to be? Wrong answers only. 

👇",facebook rebranding whats new going wrong answers,negative,-0.18181818181818182,FB
244,1450606664952995842,2021-10-19 23:35:54+00:00,"Happy Tuesday! 

￼ 🎥 Netflix posted robust subscriber growth and earnings after hours
￼🟠 The newBitcoin ETF, $BITO jumped 4.8% to $41.94 in its debut
🏠 Zillow will stop buying and renovating homes through the end of this year

Rip it! 

https://t.co/O2LWslFDY4 https://t.co/Mxtmr97T06",happy tuesday netflix posted robust subscriber growth earnings hours newbitcoin etf bito jumped 48 4194 debut zillow stop buying renovating homes year rip,neutral,0.0,NFLX
252,1450230892828430337,2021-10-18 22:42:43+00:00,"Happy Monday! 

￼🟠 The first #Bitcoin-linked ETF will make its debut tomorrow
🍎 Apple released new Airpods, MacBook Pros, and HomePod devices
🚫 ""The Big Short"" investor Michael Burry is no longer short $TSLA 

Rip it! 

https://t.co/fOzut3UoYC https://t.co/mXFuG7LTJQ",happy monday first bitcoinlinked etf make debut tomorrow apple released new airpods macbook pros homepod devices big short investor michael burry longer short tsla rip,positive,0.07727272727272727,AAPL
255,1450133693662646276,2021-10-18 16:16:29+00:00,What do you think @Apple is announcing? #AppleEvent https://t.co/6yRsoLJzrQ,think announcing appleevent,neutral,0.0,AAPL
333,1445369958876291073,2021-10-05 12:47:06+00:00,Did you buy the $FB dip?,buy fb dip,neutral,0.0,FB
337,1445071439019876353,2021-10-04 17:00:53+00:00,$FB,fb,neutral,0.0,FB
338,1445068975621160968,2021-10-04 16:51:06+00:00,Why is Facebook down? Wrong answers only.,facebook wrong answers,negative,-0.5,FB
376,1438943812387229705,2021-09-17 19:11:53+00:00,Metaverse $FB,metaverse fb,neutral,0.0,FB
384,1437826337981489156,2021-09-14 17:11:27+00:00,$AAPL,aapl,neutral,0.0,AAPL
473,1428380533453729792,2021-08-19 15:37:11+00:00,Check out the $AMZN stream on Stocktwits here: https://t.co/3sFzVd3CID,check amzn stream stocktwits,neutral,0.0,AMZN
474,1428380369187921921,2021-08-19 15:36:32+00:00,Amazon wants to open up a department store. What are your thoughts?,amazon wants open department store thoughts,neutral,0.0,AMZN
484,1428003272401555457,2021-08-18 14:38:05+00:00,What’s trading like in the metaverse?,whats trading like metaverse,neutral,0.0,FB
597,1420523257510436864,2021-07-28 23:15:11+00:00,Our $AMZN @TwitterSpaces is in 45 minutes! https://t.co/JxeDQr3rCX,amzn 45 minutes,neutral,0.0,AMZN
598,1420515103372349444,2021-07-28 22:42:47+00:00,"Happy hump day! Today's Rip is a hefty one:

🖥️ $PYPL, $SHOP, and $FB brought it in earnings
✊ $ATVI is being sued over its ""frat boy culture""
💉 $PFE upped their COVID vaccine sales forecasts by 28%
🛍️ $WMT's free tuition benefit is expanding.

Rip it!
https://t.co/b6svpz2DM2",happy hump day todays rip hefty pypl shop fb brought earnings atvi sued frat boy culture pfe upped covid vaccine sales forecasts 28 wmts free tuition benefit expanding rip,positive,0.4,FB
611,1420022590056316944,2021-07-27 14:05:42+00:00,"We're hosting a @TwitterSpaces about $AMZN tomorrow (7/28.) 

Reply to this with your favorite Amazon meme. 👇👇👇 https://t.co/1DCtEwOPuL",hosting amzn tomorrow 728 reply favorite amazon meme,neutral,0.0,AMZN
625,1418585741349773314,2021-07-23 14:56:11+00:00,"Our next @TwitterSpaces will be on Wednesday, 7/28 at 8:00 PM ET. 

It's going to be about all things $AMZN. 

If you want to join or if you know someone who's a good fit, reply to this tweet. 👇📈👀 https://t.co/FdLn4vsRjq",next wednesday 728 800 pm going things amzn join know someone whos good fit reply tweet,positive,0.3666666666666667,AMZN
635,1417968876864872448,2021-07-21 22:04:59+00:00,"T-Minus two hours for our weekly @TwitterSpaces. This week we’re going to be talking about all things Apple at 8:00 PM ET. 

Special guests include @GerberKawasaki, @chadsgx, and more.",tminus two hours weekly week going talking things apple 800 pm special guests include,positive,0.35714285714285715,AAPL
636,1417968671801200643,2021-07-21 22:04:10+00:00,Check out @chadsgx’s thread on Apple ahead of our Twitter Spaces tonight! https://t.co/FzJYfLmsce,check thread apple ahead twitter spaces tonight,neutral,0.0,AAPL
640,1417869056762384386,2021-07-21 15:28:20+00:00,Who’s joining our $AAPL Spaces tonight? Who should we have on?,whos joining aapl spaces tonight,neutral,0.0,AAPL
670,1415797225515593731,2021-07-15 22:15:37+00:00,"It was a looonngg Thursday. Here's the sparknotes:

🎮 📺 Netflix's recipe for slowing growth is gaming
✨ Blackstone takes out a stake in insurance company AIG
📈 $TSM, $MS, and $UNH reported earnings

Rip it!
https://t.co/4xX99D8qm5",looonngg thursday heres sparknotes netflixs recipe slowing growth gaming blackstone takes stake insurance company aig tsm ms unh reported earnings rip,negative,-0.35000000000000003,NFLX
676,1415674764191051776,2021-07-15 14:09:00+00:00,"Our next @TwitterSpaces will be on Wednesday, 7/21 at 8:00 PM ET.

It's going to be about all things $AAPL. 

If you want to join or if you know someone who's a good fit, reply to this tweet. 👇👀📈📱 https://t.co/MFTmjMPPtT",next wednesday 721 800 pm going things aapl join know someone whos good fit reply tweet,positive,0.3666666666666667,AAPL
746,1412893372398850054,2021-07-07 21:56:44+00:00,@chadsgx Apple 😝,apple,neutral,0.0,AAPL
747,1412893281302704130,2021-07-07 21:56:23+00:00,Check out this thread about $AMZN @amazon! 👇👇👇 https://t.co/4MHYXatZ9Q,check thread amzn,neutral,0.0,AMZN
752,1412746333904158723,2021-07-07 12:12:28+00:00,How do you think $AMZN will be affected by @JeffBezos stepping down? https://t.co/F23roDzbn8,think amzn affected stepping,neutral,0.0,AMZN
817,1409879499186085892,2021-06-29 14:20:41+00:00,"Trillion dollar company, baby. 

@Facebook #Facebook $FB https://t.co/EXKObUu2qK",trillion dollar company baby facebook fb,neutral,0.0,FB
818,1409873006969688071,2021-06-29 13:54:53+00:00,"Facebook is worth a trillion dollars.

What's the craziest post you've seen on the site? https://t.co/boHMFe3ES1",facebook worth trillion dollars whats craziest post youve seen site,positive,0.3,FB
939,1396946305021136903,2021-05-24 21:48:47+00:00,"🌌 Tonight on After Hours:

- The Market Marched Higher On Monday
- Ray Dalio Joined The Bitcoin Bandwagon!? 
- Amazon Looks To Solidify Its Streaming Service 
- Are You Ready For The $SPCE Race?
- Can Texas Fix Its Grid?

🎙 @ShakePryz | @rockymtn_riley

https://t.co/uQi8Dpi1Hm",tonight hours market marched higher monday ray dalio joined bitcoin bandwagon amazon looks solidify streaming service ready spce race texas fix grid,positive,0.25,AMZN
1052,1387536727644987394,2021-04-28 22:38:29+00:00,"📈 The Daily RIP: Lord Zuck 🤑 
 
$FB △ 6.5% AH | https://t.co/Ohn7Lk8NHF https://t.co/enM8opIy0l",daily rip lord zuck fb 65 ah,neutral,0.0,FB
1053,1387534341388046340,2021-04-28 22:29:00+00:00,"""Apple flat out blew away expectations on the top and bottom line. Revenue was up an incredible 54% to just under $90 billion, crushing the $77 billion estimates. Every metric here is just astonishing, overall an outstanding earnings report out of $AAPL.""
https://t.co/yfLdDTBfXW",apple flat blew away expectations top bottom line revenue incredible 54 90 billion crushing 77 billion estimates every metric astonishing overall outstanding earnings report aapl,positive,0.2375,AAPL
1086,1384641777433513985,2021-04-20 22:54:59+00:00,"📈 The Daily RIP: Oh No, Netflix! 
 
https://t.co/AzAhmoprde https://t.co/baYepulR0k",daily rip oh netflix,neutral,0.0,NFLX
1465,1356958536174034945,2021-02-03 13:31:40+00:00,"Google is gapping up to an all-time high after last night's earnings. 
 
$GOOGL △ 7.3% PM | https://t.co/F0A2cFqT5k https://t.co/vC8tTZxlih",google gapping alltime high last nights earnings googl 73 pm,positive,0.08,GOOGL
1471,1356744212453154816,2021-02-02 23:20:01+00:00,"“Bezos has just done everything he has set out to do at $AMZN and wants to go work on his own endeavors - the Day One Fund, Blue Origin, The Washington Post, and all of his other business dealings.”

With Bezos gone, will Amazon remain the king?
https://t.co/1qcwkMHbvi",bezos done everything set amzn wants go work endeavors day fund blue origin washington post business dealings bezos gone amazon remain king,neutral,0.0,AMZN
1533,1354491318118977536,2021-01-27 18:07:50+00:00,"Heads Up!  
 
Apple, Facebook, and Tesla all report earnings after the close.  
 
$AAPL △ 0.1% 
$FB ▼ 2.1% 
$TSLA ▼ 0.2%",heads apple facebook tesla report earnings close aapl 01 fb 21 tsla 02,neutral,0.0,AAPL
1557,1353714631915810817,2021-01-25 14:41:33+00:00,"Apple is up 12% since last Tuesday. 
 
$AAPL △ 4%",apple 12 since last tuesday aapl 4,neutral,0.0,AAPL
1584,1352026879453224965,2021-01-20 22:55:02+00:00,"“$NFLX soared today, closing up nearly 18% on the back of a solid earnings report. The puzzling thing here is that 2 quarters ago, they had an absolute blowout report and the stock actually sold off.”

Big Cap Tech is Back?
https://t.co/3OciF240YK",nflx soared today closing nearly 18 back solid earnings report puzzling thing 2 quarters ago absolute blowout report stock actually sold big cap tech back,neutral,0.0,NFLX
1590,1351947057158885378,2021-01-20 17:37:51+00:00,"Netflix +16% 
 
$NFLX",netflix 16 nflx,neutral,0.0,NFLX
1592,1351913792075137025,2021-01-20 15:25:40+00:00,"FAANG is flying. 
 
$FB △ 1.3% 
$AAPL △ 2.4% 
$AMZN △ 3.1% 
$NFLX △ 13.8% 
$GOOG △ 3.8%",faang flying fb 13 aapl 24 amzn 31 nflx 138 goog 38,neutral,0.0,AMZN
1593,1351904704289255426,2021-01-20 14:49:33+00:00,"Google ticked a new all-time high.  
 
$GOOG △ 3.5% https://t.co/kWucoXTFMk",google ticked new alltime high goog 35,positive,0.1481818181818182,GOOGL
1594,1351902146669801472,2021-01-20 14:39:23+00:00,"Netflix ticked a new all-time high. 
 
$NFLX △ 14%",netflix ticked new alltime high nflx 14,positive,0.1481818181818182,NFLX
1597,1351888517517946887,2021-01-20 13:45:14+00:00,"Netflix is gapping up to its highest price since last October following yesterday's earnings. 
 
Will Netflix make a new high?  
 
$NFLX △ 13.4% PM https://t.co/LAiUN7zd7x",netflix gapping highest price since last october following yesterdays earnings netflix make new high nflx 134 pm,positive,0.0987878787878788,NFLX
1602,1351666483567460352,2021-01-19 23:02:57+00:00,"📈 The Daily RIP: Netflix and Revenue Sitting in a Tree  
 
E-A-R-N-I-N-G 
 
$NFLX △ 12% AH | https://t.co/PiQliCYkud https://t.co/b3jVENIeuu",daily rip netflix revenue sitting tree earning nflx 12 ah,neutral,0.0,NFLX
1604,1351637223645569024,2021-01-19 21:06:40+00:00,"Netflix Releases Fourth-Quarter 2020 Financial Results 
 
Read the press release here: https://t.co/HhhiDmPMVr 
 
$NFLX first move higher.",netflix releases fourthquarter 2020 financial results read press release nflx first move higher,positive,0.25,NFLX
1606,1351618489237299205,2021-01-19 19:52:14+00:00,"Heads Up! 
 
Netflix will report Q4 2020 earnings after the close.  
 
Here's a link to the conference call starting at 6:00PM ET: 
https://t.co/Xr62mkEbGm 
 
$NFLX △ 1.22% https://t.co/WyN8AaACpZ",heads netflix report q4 2020 earnings close heres link conference call starting 600pm nflx 122,neutral,0.0,NFLX
1669,1348644448079646726,2021-01-11 14:54:27+00:00,"Facebook flopped to its lowest price since October 7, 2020. 
 
$FB ▼ 3.3% https://t.co/LJPyDhZe01",facebook flopped lowest price since october 7 2020 fb 33,neutral,0.0,FB
1768,1343700579537838084,2020-12-28 23:29:17+00:00,"📈 The Daily RIP: The FAANG Gang Had a Day 
 
$FB △ 3.6% 
$AAPL △ 3.6%  
$AMZN △ 3.5% 
$NFLX △ 1% 
$GOOG △ 2.1% 
 
https://t.co/zfe2HGmUx5 https://t.co/MOfcv3tT7I",daily rip faang gang day fb 36 aapl 36 amzn 35 nflx 1 goog 21,neutral,0.0,AMZN
1794,1341515114172825604,2020-12-22 22:45:02+00:00,"“Hundreds of workers behind the scenes developing a self-driving Apple-branded car at a secret location in Cupertino, and it’s expected to have deep integration with iOS.""

Are you riding with the king of cash $AAPL or their brand new competitor $TSLA?
https://t.co/FDqMWSuIAi",hundreds workers behind scenes developing selfdriving applebranded car secret location cupertino expected deep integration ios riding king cash aapl brand new competitor tsla,negative,-0.16590909090909092,AAPL
1810,1341133744766242816,2020-12-21 21:29:36+00:00,"Name the perfect partner for Apple’s EV..

Go! https://t.co/7HKh52ZWBc",perfect partner apples ev go,positive,1.0,AAPL
1871,1338991996225134593,2020-12-15 23:39:03+00:00,"📈 The Daily RIP: An Apple a Day Keeps. . . The Investors Happy 
 
https://t.co/E18qKf9TBu https://t.co/TsHXJ89S2p",daily rip apple day keeps investors happy,neutral,0.0,AAPL
1872,1338979151433359360,2020-12-15 22:48:01+00:00,"“The outlook surrounding $AAPL is bright, as they’re seeing demand for the iPhone 12 is much stronger than they originally anticipated. Apple is expecting a monstrous 2021.”

Any thoughts on Apple's road ahead? Get ours in a quick 5-minute market update: 
https://t.co/usMigaLFuc",outlook surrounding aapl bright theyre seeing demand iphone 12 much stronger originally anticipated apple expecting monstrous 2021 thoughts apples road ahead get quick 5minute market update,positive,0.41111111111111115,AAPL
1906,1337408561920393216,2020-12-11 14:47:03+00:00,$NFLX | $DIS https://t.co/CebRdNG7X7,nflx dis,neutral,0.0,NFLX
1932,1337032611428925441,2020-12-10 13:53:10+00:00,$FB https://t.co/HDXmv8qYun,fb,neutral,0.0,FB
1940,1336807091038793728,2020-12-09 22:57:01+00:00,"“The government is targeted in their approach. They’re looking for $FB to unwind Instagram and WhatsApp into their own companies, and they’ve been working on this investigation for over a year.""

Lawyer up and check out today's 5-minute market recap:
https://t.co/QbxaOQsBpL",government targeted approach theyre looking fb unwind instagram whatsapp companies theyve working investigation year lawyer check todays 5minute market recap,neutral,0.0,FB
1953,1336448727830175748,2020-12-08 23:13:01+00:00,"“Last year, AirPods alone generated more revenue than $SPOT, $TWTR, $SNAP, and $SHOP combined. $AAPL has a way of parting consumers with their hard-earned cash.""

Are you buying the new Apple headphones? Get our take in today's quick recap:
https://t.co/FO9ARUPbfS",last year airpods alone generated revenue spot twtr snap shop combined aapl way parting consumers hardearned cash buying new apple headphones get todays quick recap,positive,0.15656565656565655,AAPL
1957,1336308875277037575,2020-12-08 13:57:17+00:00,"Apple introduces AirPods Max 
 
$AAPL https://t.co/l9aM96B3C3",apple introduces airpods max aapl,neutral,0.0,AAPL
2208,1328692825169555456,2020-11-17 13:33:50+00:00,"Amazon Pharmacy: Prescription Medications Delivered 
 
""Customers can now purchase prescription medications through the Amazon online store – convenient and reliable access, without leaving home."" 
 
$AMZN △ 1.8% | https://t.co/wYkd7mbuIG https://t.co/9lAqmhlOgD",amazon pharmacy prescription medications delivered customers purchase prescription medications amazon online store convenient reliable access without leaving home amzn 18,neutral,0.0,AMZN
2211,1328688187716349952,2020-11-17 13:15:24+00:00,"Trending on Stocktwits: 
 
$WMT  
$TSLA  
$AMZN 
$SE  
$PLUG https://t.co/nzNvNdBfhz",trending stocktwits wmt tsla amzn plug,neutral,0.0,AMZN
2292,1326640566193463296,2020-11-11 21:38:53+00:00,"Shots fired. 

$NFLX https://t.co/daXo0zHBhE",shots fired nflx,neutral,0.0,NFLX
2469,1323398987387441153,2020-11-02 22:58:00+00:00,"“We’re seeing a theme in these big tech stocks like $AAPL $AMZN $FB and now $PYPL. Top and bottom-line earnings beats and the stock sells off.”

Get today's market action in 5 minutes or less:
https://t.co/xKBiWtzR2x",seeing theme big tech stocks like aapl amzn fb pypl top bottomline earnings beats stock sells get todays market action 5 minutes less,positive,0.10833333333333334,AMZN
2505,1321941386657210377,2020-10-29 22:26:01+00:00,"Go Google! 
 
$GOOGL is up 8% after hours. Bears beware! https://t.co/LwaBtjSd89 https://t.co/zuTqZYZMd3",go google googl 8 hours bears beware,neutral,0.0,GOOGL
2506,1321931572489146375,2020-10-29 21:47:01+00:00,"“It seems like nothing can stop $AMZN right now. Revenue growth of 37% year-over-year for a company of this magnitude is truly unprecedented.”

Get the rest of today's big market news in 5 minutes:
https://t.co/OQCAS1vFjN",seems like nothing stop amzn right revenue growth 37 yearoveryear company magnitude truly unprecedented get rest todays big market news 5 minutes,positive,0.14285714285714285,AMZN
2511,1321876227427323908,2020-10-29 18:07:06+00:00,"Incase you forgot…   
 
Facebook, Apple, Amazon, and Google report earnings after the close. 
 
$FB +5.4%  
$AAPL +4.7%  
$AMZN  +2.4% 
$GOOGL +3.8%",incase forgot facebook apple amazon google report earnings close fb 54 aapl 47 amzn 24 googl 38,neutral,0.0,AMZN
2515,1321861368010604544,2020-10-29 17:08:03+00:00,$GOOGL https://t.co/p4MbaSJNnt,googl,neutral,0.0,GOOGL
2529,1321587637556191233,2020-10-28 23:00:21+00:00,"Facebook, Apple, Amazon, and Google report earnings tomorrow after the close. 

Which stock will move the most?

$FB $AAPL $AMZN $GOOGL",facebook apple amazon google report earnings tomorrow close stock move fb aapl amzn googl,neutral,0.0,AMZN
2665,1318900159149953025,2020-10-21 13:01:16+00:00,"Social stocks are moving early. 
 
$SNAP △ 23%  
$PINS △ 8.9%  
$FB △ 4.5%  
$TWTR △ 5.7%",social stocks moving early snap 23 pins 89 fb 45 twtr 57,positive,0.03333333333333333,FB
2674,1318645629812232192,2020-10-20 20:09:52+00:00,"$NFLX Letter to Shareholders

https://t.co/iNGBnXJke4",nflx letter shareholders,neutral,0.0,NFLX
2675,1318644928944230402,2020-10-20 20:07:04+00:00,"Netflix adds 2.2M subscribers vs 3.3M est. 
 
$NFLX first move lower. https://t.co/JWqVmmyE8c",netflix adds 22m subscribers vs 33m nflx first move lower,positive,0.25,NFLX
2680,1318592644461768705,2020-10-20 16:39:19+00:00,"Netflix reports earnings after the close. 
 
$NFLX is up 63% YTD.  
 
Here's a link to the press conference starting at 6ET: https://t.co/FBH9AgYLZU https://t.co/6Y0nzLFbZE",netflix reports earnings close nflx 63 ytd heres link press conference starting 6et,neutral,0.0,NFLX
