,id,date,raw_txt,clean_tweets,sentiment,sentiment_continuous,BelongsTo
54,1457092350812073987,2021-11-06 21:07:42+00:00,@UNMerciful_1 Hey. Now! Cc: @dizzypigbbq #PineappleHead,hey cc pineapplehead,neutral,0.0,AAPL
83,1453808367584038921,2021-10-28 19:38:19+00:00,I get trying to run away from the brand but the funniest part of this to me is that by saying you're Metaverse first &amp; not Facebook first you're explicitly implying that Facebook should do nothing but continue to get worse. Kinda feels like that could be a problem but wtfdik? $FB https://t.co/A5Tb60qTcg,get trying run away brand funniest part saying youre metaverse first amp facebook first youre explicitly implying facebook nothing continue get worse kinda feels like could problem wtfdik fb,positive,0.25,FB
95,1453512201491427328,2021-10-28 00:01:28+00:00,"As heard on @MotleyFoolMoney…

1. Set salmon filets on a sheet. 
2. Cover LIBERALLY w/@dizzypigbbq Pineapple Head.  
3. Into oven pre-heated on BROIL for 9 minutes total.
4. With 1 minute left place a pat of butter on each filet (keep in oven).
5. Enjoy. #ItPaysToListen https://t.co/VkF5mDKLoA",heard 1 set salmon filets sheet 2 cover liberally w pineapple head 3 oven preheated broil 9 minutes total 4 1 minute left place pat butter filet keep oven 5 enjoy itpaystolisten,positive,0.13333333333333333,AAPL
100,1453345036326821890,2021-10-27 12:57:13+00:00,YouTube chalked up $7.2B in revenue for the quarter up 43% which is just darned impressive to think about from a number of angles. I mean Google bought 'em for $1.65B back in the day. Netflix just chalked up $7.5B in revenue for the quarter. Impressive stuff. $GOOG https://t.co/tl5HfEtkHc,youtube chalked 72b revenue quarter 43 darned impressive think number angles mean google bought 165b back day netflix chalked 75b revenue quarter impressive stuff goog,negative,-0.15625,NFLX
102,1453160035366883329,2021-10-27 00:42:05+00:00,"@DGRoon Hard to see with Cash App, Venmo, Apple Pay, etc. but maybe. 🤷‍♂️",hard see cash app venmo apple pay etc maybe,negative,-0.2916666666666667,AAPL
105,1453147576962883589,2021-10-26 23:52:35+00:00,"Serious question: Given the myriad choices to pay for things these days w/slick platforms that already do it so well, why on Earth would anyone use Facebook Pay? I mean are there really people out there actually clamoring for this? $FB https://t.co/sfgRYrKj36",serious question given myriad choices pay things days wslick platforms already well earth would anyone use facebook pay mean really people actually clamoring fb,negative,-0.15625,FB
112,1453010992506474499,2021-10-26 14:49:50+00:00,"Zuck may be the most distrusted CEO on the planet. I'm all for defending your turf but given what we know statements like ""what we are seeing is a coordinated effort to selectively use leaked documents to paint a false picture of our company"" ain't helping. Tone-deaf city. $FB https://t.co/TgKLuTOx9G",zuck may distrusted ceo planet defending turf given know statements like seeing coordinated effort selectively use leaked documents paint false picture company aint helping tonedeaf city fb,neutral,0.0,FB
116,1451155466021650444,2021-10-21 11:56:38+00:00,"@ChazIV21 Hey thanks for listening Charles, appreciate those kind words. The rub is called Pineapple Head &amp; you can get it from @dizzypigbbq. Enjoy!",hey thanks listening charles appreciate kind words rub called pineapple head amp get enjoy,positive,0.5,AAPL
123,1450650061218713607,2021-10-20 02:28:21+00:00,LOL strategy. $FB https://t.co/F5RUx5VEYr,lol strategy fb,positive,0.8,FB
126,1450446106199044105,2021-10-19 12:57:54+00:00,"Valuation concerns aside it's easy to at least understand the enthusiasm behind Cloudflare given CEO Matthew Prince's approach &amp; vision. Going up against Amazon, etc. is no small task but he's eyeing a big market opportunity &amp; doing it with a very similar playbook in mind. $NET https://t.co/KZtdXdxw5j",valuation concerns aside easy least understand enthusiasm behind cloudflare given ceo matthew princes approach amp vision going amazon etc small task hes eyeing big market opportunity amp similar playbook mind net,negative,-0.15833333333333333,AMZN
141,1448384232934490113,2021-10-13 20:24:45+00:00,"Happy to share a really fun conversation I had w/Glimpse Group CEO Lyron Bentovim on today’s @MFIndustryFocus Wildcard show. I love his investing mindset, great thoughts on immersive tech &amp; we even delved into the metaverse too. $VRAR https://t.co/XiwKQuQq5i",happy share really fun conversation wglimpse group ceo lyron bentovim todays wildcard show love investing mindset great thoughts immersive tech amp even delved metaverse vrar,positive,0.5333333333333333,FB
152,1446452525675188235,2021-10-08 12:28:50+00:00,"Recently spoke w/CEO Lyron Bentovim of The Glimpse Group who gave the most understandable, Peter Lynch crayon-like definition of the metaverse I’ve ever heard when he defined it as “the 3D internet.” Simple yet communicates the massive potential of such a concept instantly. $VRAR https://t.co/SMwWMOIeF7",recently spoke wceo lyron bentovim glimpse group gave understandable lynch crayonlike definition metaverse ive ever heard defined 3d internet simple yet communicates massive potential concept instantly vrar,neutral,0.0,FB
474,1387849747407462410,2021-04-29 19:22:19+00:00,"Noteworthy subscriber data from Apple's call that never seems to garner its due attention: They added more than 40M paid subs sequentially for the quarter &amp; now have over 660M paid subscriptions across all services, twice the number of paid subs from just 2.5 years ago. $AAPL https://t.co/z7ZT3nEhO9",noteworthy subscriber data apples call never seems garner due attention added 40m paid subs sequentially quarter amp 660m paid subscriptions across services twice number paid subs 25 years ago aapl,negative,-0.125,AAPL
491,1386753806390673409,2021-04-26 18:47:26+00:00,"@Oren83 Eh, that’s where I’d disagree. I didn’t like Apple Music at all. But everyone’s got an opinion, I do get it.",eh thats id disagree didnt like apple music everyones got opinion get,neutral,0.0,AAPL
549,1379174800304799747,2021-04-05 20:51:10+00:00,"You're a good dad! I think with kids it helps to key in on an interest level; a business you know they'd be excited &amp; proud to own. Some of our girls' top performers include $AAPL, $DIS, $SQ, $PYPL, $ETSY, $NKE &amp; $SBUX to name a few. Good luck &amp; happy birthday to the little man! https://t.co/BoIenzH5lq",youre good dad think kids helps key interest level business know theyd excited amp proud girls top performers include aapl dis sq pypl etsy nke amp sbux good luck amp happy birthday little,positive,0.54,AAPL
574,1376293980724412419,2021-03-28 22:03:49+00:00,"An excellent quote from then AWS CEO &amp; now Amazon CEO Andy Jassy a couple years back: 

""It's actually really easy to lower prices. It's much harder to be able to afford to lower prices."" $AMZN https://t.co/524XBHoLkn",excellent quote aws ceo amp amazon ceo andy jassy couple years back actually really easy lower prices much harder able afford lower prices amzn,negative,-0.03333333333333333,AMZN
597,1374714124635148294,2021-03-24 13:26:02+00:00,Metatweet👇 https://t.co/y0Mp9eb5fA,metatweet,neutral,0.0,FB
621,1372236492882522115,2021-03-17 17:20:49+00:00,"Just a friendly reminder, Amazon announced the launch of Amazon Care &amp; its longer term aspirations back in September 2019. It is not new news. It hasn't been new news for a loooooooooooooooooooong time. https://t.co/5OWz3d23ej",friendly reminder amazon announced launch amazon amp longer term aspirations back september 2019 new news hasnt new news loooooooooooooooooooong time,positive,0.0909090909090909,AMZN
690,1366787560803033097,2021-03-02 16:28:42+00:00,"Courtesy @eMarketer, it would appear that Spotify's investments in podcasts aren't going unnoticed &amp; the juice seems likely worth the squeeze. $SPOT $AAPL https://t.co/jbvMcQDJN5",courtesy would appear spotifys investments podcasts arent going unnoticed amp juice seems likely worth squeeze spot aapl,positive,0.3,AAPL
748,1364218666171199491,2021-02-23 14:20:50+00:00,"@PedaleurDeLuxe @willchan1228 ETFs are great, so are individual stocks. All of what they own are the businesses they encounter every day. Companies like $SBUX, $ETSY, $AAPL, $NKE, $AMZN, $DIS, etc.",etfs great individual stocks businesses encounter every day companies like sbux etsy aapl nke amzn dis etc,positive,0.8,AMZN
760,1364002746442080270,2021-02-23 00:02:51+00:00,"LOL our daughters are 16 &amp; 14 &amp; have been investing now for ~9 years. They're sitting on a 9-bagger, a 7-bagger, a 5-bagger, three 4-baggers, two 3-baggers, a double, &amp; Amazon among other things. Jeesh...start 'em young folks. https://t.co/WjnfM3jsX4",lol daughters 16 amp 14 amp investing 9 years theyre sitting 9bagger 7bagger 5bagger three 4baggers two 3baggers double amp amazon among things jeeshstart young folks,positive,0.45,AMZN
816,1357687438165086210,2021-02-05 13:48:04+00:00,"Don't sweat pre-market, $U chalked up a strong quarter. Valuation is usually the biggest risk for a biz like this that just IPOd &amp; has been on fire ever since. Mgmt wisely noted the pull-forward benefit for 2020 &amp; near-term Apple privacy risk but metrics &amp; targets are all still👌 https://t.co/nexWwZ8GL6",dont sweat premarket chalked strong quarter valuation usually biggest risk like ipod amp fire ever since mgmt wisely noted pullforward benefit 2020 amp nearterm apple privacy risk metrics amp targets still,positive,0.29444444444444445,AAPL
832,1356957626282696713,2021-02-03 13:28:03+00:00,"Amazon Web Services (AWS) reported annual revenue run rate:

4Q2018: $30 billion
4Q2019: $40 billion
4Q2020: $51 billion*

*Added more revenue QoQ &amp; YoY than in any quarter in its history.

So yeah, Andy Jassy seems like a reasonable choice to succeed Bezos as CEO. $AMZN https://t.co/L5AaC7rMcA",amazon web services aws reported annual revenue run rate 4q2018 30 billion 4q2019 40 billion 4q2020 51 billion added revenue qoq amp yoy quarter history yeah andy jassy seems like reasonable choice succeed bezos ceo amzn,neutral,0.0,AMZN
834,1356740484471873536,2021-02-02 23:05:13+00:00,Bezos is the man. Guy f***ing runs Amazon &amp; he's stepping down because he's got bigger fish to fry. I put on pants these days &amp; call that a win. https://t.co/DXPddyoAZ6,bezos guy fing runs amazon amp hes stepping hes got bigger fish fry put pants days amp call win,positive,0.4,AMZN
840,1356383236503568384,2021-02-01 23:25:38+00:00,"It's Monday, I feel you. So why not ease into the week with a little @MarketFoolery? We're talking Standard Oil 2.0, McCormick earnings, &amp; even an Amazon earnings preview. It's like a little podcast hug to get your week started on the right foot. https://t.co/nYMIcDyHyt https://t.co/mU4zAk7ckM",monday feel ease week little talking standard oil 20 mccormick earnings amp even amazon earnings preview like little podcast hug get week started right foot,positive,0.14285714285714285,AMZN
924,1349421699494801410,2021-01-13 18:22:58+00:00,Brand can absolutely be a competitive advantage. Feels like in Facebook’s case it is not. $FB https://t.co/EPjKKHfQbI,brand absolutely competitive advantage feels like facebooks case fb,neutral,0.0,FB
1050,1338619771907092486,2020-12-14 22:59:58+00:00,"If you don’t listen to today’s @MarketFoolery for our take on Peacock, EA’s acquisition, &amp; Google’s outage why not listen for @DB_Sleazy’s latest holiday music selection to close out the show? It’s like a little podcast advent calendar. https://t.co/1uOeyMkTNX $GOOG $EA $CMCSA",dont listen todays peacock eas acquisition amp googles outage listen latest holiday music selection close show like little podcast advent calendar goog cmcsa,positive,0.5,GOOGL
1166,1327349353338580992,2020-11-13 20:35:21+00:00,The mindset at Cloudflare. I can dig it. $NET $AMZN https://t.co/SCtX79RkwV,mindset cloudflare net amzn,neutral,0.0,AMZN
1175,1326664189184774150,2020-11-11 23:12:45+00:00,Today’s @MFIndustryFocus Wildcard show is gonna leave you feeling fit as a fiddle as I’m joined by @MyWallStHQ Head Analyst @rorycarron to talk about the future of fitness &amp; how investors can win from it. https://t.co/mM6C4mygPN $PTON $LULU $FIT $AAPL https://t.co/KH2soNgcZJ,todays wildcard show gon leave feeling fit fiddle joined head analyst talk future fitness amp investors win pton lulu fit aapl,positive,0.5,AAPL
1308,1315980623677476864,2020-10-13 11:40:05+00:00,"Scenario: You can either subscribe to Netflix or the Disney+/ESPN+/Hulu bundle...they are both the exact same price but you must choose one...which one are you subscribing to? There's no right answer of course, just curious.",scenario either subscribe netflix disneyespnhulu bundlethey exact price must choose onewhich subscribing theres right answer course curious,positive,0.26785714285714285,NFLX
1342,1313487104844980226,2020-10-06 14:31:43+00:00,"@saxena_puru @greensbetter @jwangARK @NickGiva @themotleyfool @ARKInvest @CathieDWood As of now $SNOW &amp; $AYX are actually partners so yes, I think you are on the right track Puru. The bigger threat to all is big tech like $MSFT, $GOOG, $AMZN, etc. as they have the resources, can bundle &amp; handle loss leaders. Space is ripe for consolidation.",snow amp ayx actually partners yes think right track puru bigger threat big tech like msft goog amzn etc resources bundle amp handle loss leaders space ripe consolidation,positive,0.07142857142857142,AMZN
1354,1311681439512104962,2020-10-01 14:56:39+00:00,"@slappy007 Again, he'd never allow data to be given but I'd bet dollars to donuts his ratings, listenership, all of it is down. Why do you think they automatically cut your sub in half? They are desperate to keep listeners in the age of Spotify, Apple Music &amp; now even Amazon.",hed never allow data given id bet dollars donuts ratings listenership think automatically cut half desperate keep listeners age spotify apple music amp even amazon,negative,-0.16666666666666666,AMZN
1363,1311345246962356225,2020-09-30 16:40:45+00:00,"McCormick’s earnings &amp; split?🌶
Google’s 30% promise?💰
Did Target hit the bullseye w/Shipt?🎯

With 1,890 episodes in the can already we may just have a @MarketFoolery for everything at this point. #InternationalPodcastDay

https://t.co/iXiHlWjTjE",mccormicks earnings amp split googles 30 promise target hit bullseye wshipt 1890 episodes already may everything point internationalpodcastday,neutral,0.0,GOOGL
1364,1311101855636885505,2020-09-30 00:33:36+00:00,@energyismyname @SpotifyUSA I have mine run through PayPal so I think that bypasses the Apple tax but I’m not sure.,run paypal think bypasses apple tax sure,positive,0.5,AAPL
1382,1309860646293471238,2020-09-26 14:21:28+00:00,@FlynancialA @CCM_Brett @eldsjal I don’t have major concerns over Spotify users defecting to Apple Music. New subs could be a bit more hesitant on trying Spotify though if they actually go through with this.,dont major concerns spotify users defecting apple music new subs could bit hesitant trying spotify though actually go,positive,0.06628787878787878,AAPL
1412,1305984773572173838,2020-09-15 21:40:08+00:00,"I don't feel terribly strongly one way or the other about Peloton (impressed so far) but the ""Apple Fitness+ uh-oh Peloton is in trouble"" take is so, so, so lazy. Feels on par with saying Masimo is in trouble because the watch now shows your blood oxygen. https://t.co/arCoQhnbBL",dont feel terribly strongly way peloton impressed far apple fitness uhoh peloton trouble lazy feels saying masimo trouble watch shows blood oxygen,positive,0.25,AAPL
1464,1300111930770763779,2020-08-30 16:43:33+00:00,"Eh, I’m a bit more interested in what the guy who has Amazon at $3.21 has to say about things. But that’s just me. @DavidGFool $AMZN https://t.co/TXyMZbubGi",eh bit interested guy amazon 321 say things thats amzn,neutral,0.0,AMZN
1479,1298671010569478149,2020-08-26 17:17:51+00:00,"Apple’s the Marcia Brady of the markets. First to $2T? Stock split? Dow shakeup? It’s all Apple! Apple! Apple! Oh yeah also Best Buy earnings, listener email on stock baskets, @MarketFoolery, you know the drill &amp; shut it Jan you’re just jealous. https://t.co/wU6KYrDDnx $AAPL $BBY https://t.co/OfnSezVsa7",apples marcia brady markets first 2t stock split dow shakeup apple apple apple oh yeah best buy earnings listener email stock baskets know drill amp shut jan youre jealous aapl bby,positive,0.625,AAPL
1555,1291782768926629888,2020-08-07 17:06:26+00:00,"@Bakersfieldn2 Longest held position is Amazon since 2011, it's up like 2,300% or something but I will also say that I sold some a while back to recoup my initial investment &amp; reallocate so the shares I hold today were effectively free.",longest held position amazon since 2011 like 2300 something say sold back recoup initial investment amp reallocate shares hold today effectively free,positive,0.2,AMZN
1577,1290472435146543104,2020-08-04 02:19:39+00:00,MetaFoolery. 👊 https://t.co/IEp2jQSWNN,metafoolery,neutral,0.0,FB
1588,1289191811655729157,2020-07-31 13:30:54+00:00,"I find the lack of pizza analogies here on Twitter regarding Apple's stock split news disturbing. I mean it's pizza.

Remember, it's the same size pizza...they just cut it into more slices. $AAPL https://t.co/VCbBpvHba9",find lack pizza analogies twitter regarding apples stock split news disturbing mean pizza remember size pizzathey cut slices aapl,negative,-0.3125,AAPL
1596,1288531798444695552,2020-07-29 17:48:15+00:00,"Strong observation by Jeff Bezos in Congressional testimony in regard to gaining the customer's trust &amp; hence Amazon's success: ""You earn trust slowly, over time, by doing hard things well."" $AMZN https://t.co/1PZTHyYrQU",strong observation jeff bezos congressional testimony regard gaining customers trust amp hence amazons success earn trust slowly time hard things well amzn,positive,0.1472222222222222,AMZN
1598,1288504289544089601,2020-07-29 15:58:56+00:00,"A boring business painting profits?
Fast food fickleness? 
Moving out &amp; moving up?
Facebook's copycat conundrum?

Oh there was Foolery yesterday friends. There was Foolery indeed. https://t.co/nBSTROnZll",boring business painting profits fast food fickleness moving amp moving facebooks copycat conundrum oh foolery yesterday friends foolery indeed,positive,0.2,FB
1599,1288448512774950914,2020-07-29 12:17:18+00:00,@freedomonadime I fiddled around with Apple Music for about a minute and was like https://t.co/7Y5bm58eMO,fiddled around apple music minute like,neutral,0.0,AAPL
1662,1281229056474841089,2020-07-09 14:09:45+00:00,@1FreedomCoach @TMFMathGuy Thanks man! I just Googled around to find that stuff. There was an FDIC survey and some other articles on the subject.,thanks googled around find stuff fdic survey articles subject,negative,-0.16666666666666666,GOOGL
1692,1278087045823463429,2020-06-30 22:04:32+00:00,"Know what I said when @TMFChrisHill asked yesterday if I wanted to jump on today’s @MarketFoolery to talk Lululemon’s new Mirror, Facebook’s growing ad anxiety &amp; hit a listener question? https://t.co/fh2moGXUpX $FB $LULU https://t.co/oDrCngUK7H",know said asked yesterday wanted jump todays talk lululemons new mirror facebooks growing anxiety amp hit listener question fb lulu,positive,0.13636363636363635,FB
1900,1253454241538203656,2020-04-23 22:42:33+00:00,"@JakeAffronti Indeed, $MSFT, $AAPL, $FB &amp; $GOOG are doing a lot of work in the space as is $ADBE. If you want to learn more about AR as a whole read ""Augmented Human"" by @ARstories.  Some of the coolest stuff is being done by smaller cos. that aren't even public yet. Early innings.",indeed msft aapl fb amp goog lot work space adbe learn whole read augmented human coolest stuff done smaller cos arent even public yet early innings,positive,0.05,AAPL
1907,1253089297361702917,2020-04-22 22:32:24+00:00,"Earningspalooza has begun friends &amp; if you’re looking for the lowdown on the latest reports from Netflix, Chipotle &amp; Snap well then just take today’s @MarketFoolery &amp; call me in the morning. https://t.co/dwyEYYtoJz $NFLX $CMG $SNAP https://t.co/jPDfEwJt3A",earningspalooza begun friends amp youre looking lowdown latest reports netflix chipotle amp snap well todays amp call morning nflx cmg snap,positive,0.5,NFLX
1912,1252929196248248321,2020-04-22 11:56:13+00:00,They pulled a decent bit of future sub growth forward (for obvious reasons) but Hastings is still the smartest guy in the room when it comes to this stuff. Netflix is a global juggernaut; you gotta like their chances. $NFLX https://t.co/7Z3s0hmBSy,pulled decent bit future growth forward obvious reasons hastings still smartest guy room comes stuff netflix global juggernaut got like chances nflx,positive,0.08333333333333333,NFLX
2287,1228093068223619073,2020-02-13 23:06:18+00:00,"I try to not underestimate Facebook's ability to copy &amp; steal audience but their effort to disrupt Pinterest w/copycat Hobbi is likely a losing effort. Pinterest is a unique offering w/a ton of content, brand equity &amp; most importantly trust. Hard to see users defecting. $PINS https://t.co/VyLlUG6etV",try underestimate facebooks ability copy amp steal audience effort disrupt pinterest wcopycat hobbi likely losing effort pinterest unique offering wa content brand equity amp importantly trust hard see users defecting pins,negative,-0.2916666666666667,FB
2300,1227255303420497920,2020-02-11 15:37:20+00:00,"Good thread @RamBhupatiraju &amp; a core piece of my investing philosophy for many years now. Why I own shares in companies like $AMZN, $SHOP, $TDOC, $SQ &amp; more. 👍 https://t.co/S03sZ95vZ6",good thread amp core piece investing philosophy many years shares companies like amzn shop tdoc sq amp,positive,0.7,AMZN
2327,1224881734782767105,2020-02-05 02:25:37+00:00,"Big @MarketFoolery today for you. BIG. We’re diving into earnings from Alphabet, SiriusXM &amp; Ralph Lauren &amp; @TMFChrisHill &amp; I have some opinions on the Super Bowl commercials so you best hold onto your hats. https://t.co/DCu4cCxwuY $GOOG $SIRI $RL https://t.co/aE4rBQdDJx",big today big diving earnings alphabet siriusxm amp ralph lauren amp amp opinions super bowl commercials best hold onto hats goog siri rl,positive,0.3333333333333333,GOOGL
2341,1223252851046088707,2020-01-31 14:33:01+00:00,Amazon with over 150 million paying Prime members now. This company is like Costco met Netflix and had a baby. We'll name her...Cloudy? $AMZN https://t.co/fFfQ5efC4L,amazon 150 million paying prime members company like costco netflix baby well hercloudy amzn,neutral,0.0,AMZN
2343,1223001170005893120,2020-01-30 21:52:55+00:00,"For the quarter Amazon's North American segment generated $1.9B in operating profit on $53.7B in sales while its AWS segment generated $2.6B in operating profit on $10B in sales. Tight.

On the flip side AWS operating margin is actually down ~330 bps from a year ago. $AMZN https://t.co/deWB6KSnNg",quarter amazons north american segment generated 19b operating profit 537b sales aws segment generated 26b operating profit 10b sales tight flip side aws operating margin actually 330 bps year ago amzn,negative,-0.05952380952380953,AMZN
2351,1222281982647947265,2020-01-28 22:15:08+00:00,"Strong quarter from Apple &amp; nice to see the optimism carry over to the top perfomer in our AR service to date, Lumentum. Even better is that Lumentum isn’t just an iOS story but an Android one as well. Per @TMFChrisHill, ask your doctor if Lumentum is right for you. $LITE $AAPL https://t.co/5dXOHne8Fr",strong quarter apple amp nice see optimism carry top perfomer service date lumentum even better lumentum isnt ios story android well ask doctor lumentum right lite aapl,positive,0.4638095238095238,AAPL
2382,1220140971985383426,2020-01-23 00:27:31+00:00,@Djhottowns It’s a fair concern but as each day passes Amazon matching what $TDOC has built becomes exponentially more difficult.,fair concern day passes amazon matching tdoc built becomes exponentially difficult,positive,0.09999999999999998,AMZN
2385,1220086405080190976,2020-01-22 20:50:41+00:00,"@zhangwhart @robertattip Well, I've been generally bullish on Netflix for a little while now but I definitely wasn't always that way. I still have some hangups about the financials &amp; their capital needs but it's not a zero-sum game as so many like to frame it.",well ive generally bullish netflix little definitely wasnt always way still hangups financials amp capital needs zerosum game many like frame,negative,-0.4,NFLX
2386,1220086016939364352,2020-01-22 20:49:09+00:00,"@jpsc01 I imagine it will feel some pressure but it's not a zero-sum game. That said, $NFLX as a pure play makes it a tougher task b/c they can't hide those financials. The capital needs &amp; cash burn are very real &amp; will continue for a while.",imagine feel pressure zerosum game said nflx pure play makes tougher task bc cant hide financials capital needs amp cash burn real amp continue,positive,0.0047619047619047545,NFLX
2393,1220051157961363460,2020-01-22 18:30:38+00:00,@robertattip I think that's a very reasonable perspective. I considered myself a skeptic on $NFLX for a long time but what changed for me a while back is appreciating the value in the massive head start they have as it pertains to distribution. That &amp; Hastings is just a smart dude.,think thats reasonable perspective considered skeptic nflx long time changed back appreciating value massive head start pertains distribution amp hastings smart dude,positive,0.054761904761904755,NFLX
2396,1220044550439428097,2020-01-22 18:04:22+00:00,Netflix’s competition may undermine its pricing power at some point but it's hard to not be bullish w/that distribution &amp; forget about ads; they're a bigger risk than opportunity. $NFLX https://t.co/WPKD9jXhwP,netflixs competition may undermine pricing power point hard bullish wthat distribution amp forget ads theyre bigger risk opportunity nflx,negative,-0.14583333333333334,NFLX
2420,1217437248943271936,2020-01-15 13:23:53+00:00,@Sound_invments I've never really dug into it but looking at the fundamentals it's not nearly as strong a business as $TTD is today. Different markets of course so not apples to apples.,ive never really dug looking fundamentals nearly strong business ttd today different markets course apples apples,positive,0.4333333333333333,AAPL
2456,1215385521494601728,2020-01-09 21:31:03+00:00,@Charliepatel81 Other holdings include $AMZN $TDOC $CMG $TRIP $ETSY $UA $MKL $TWTR.,holdings include amzn tdoc cmg trip etsy ua mkl twtr,neutral,0.0,AMZN
2466,1215016448621502464,2020-01-08 21:04:29+00:00,Interesting thoughts here from a buddy in the biz. Check him out...he's got some good experience and insights that will make you think. $FB $GOOGL https://t.co/uUOT2ztqRG,interesting thoughts buddy check outhes got good experience insights make think fb googl,positive,0.7,FB
2554,1209575555873562624,2019-12-24 20:44:20+00:00,"Another ecommerce business succeeding in an Amazon world, Etsy benefits from a holistic solution, strong network  effects, &amp; astute leadership. Short-timers may be concerned w/some of the investments in the business but the metrics tell the story. $ETSY #The12StocksOfChristmas https://t.co/fDxuOqOUWP",another ecommerce business succeeding amazon world etsy benefits holistic solution strong network effects amp astute leadership shorttimers may concerned wsome investments business metrics tell story etsy the12stocksofchristmas,positive,0.4333333333333333,AMZN
2563,1209535575579090944,2019-12-24 18:05:27+00:00,"It’s been a great year for Lumentum thanks to AR, VR, &amp; MR as its leading VCSEL tech is going in more devices from Apple to Android. Fun fact: it’s the top performer in our AR service. Per @TMFChrisHill, ask your doctor if Lumentum is right for you. $LITE #The12StocksOfChristmas https://t.co/l3F4H2nwYD",great year lumentum thanks vr amp mr leading vcsel tech going devices apple android fun fact top performer service ask doctor lumentum right lite the12stocksofchristmas,positive,0.4714285714285714,AAPL
2571,1208177706464096257,2019-12-21 00:09:46+00:00,The kind of company I really hope to develop a payments relationship with some day. $FB https://t.co/DoXjlZYUJh,kind company really hope develop payments relationship day fb,positive,0.6,FB
2614,1204391830122565632,2019-12-10 13:26:03+00:00,Been a big question for a while &amp; Hastings is adamant he won’t do it. If he did it’d be an explicit signal to consumers that they have to pay up for ad-free which flies in the face of the value prop $NFLX has espoused from the start. Certainly could happen but I’d be surprised. https://t.co/pfk0t074KR,big question amp hastings adamant wont itd explicit signal consumers pay adfree flies value prop nflx espoused start certainly could happen id surprised,neutral,0.0,NFLX
2650,1201208636443414540,2019-12-01 18:37:10+00:00,@robertattip @facebook @LinkedIn Very doubtful. Facebook’s been trying to get in on that game for a while to no meaningful avail. Same with dating &amp; other verticals...,doubtful facebooks trying get game meaningful avail dating amp verticals,negative,-0.4,FB
2684,1197729432846454784,2019-11-22 04:12:04+00:00,This will grind fanboys’ gears I’m sure but Microsoft is light years ahead of Apple here. Yes ARKit is great but $MSFT iterating this hardware along w/the applications in so many verticals is a massive advantage as $AAPL plays catch-up. AR’s potential is becoming more obvious. https://t.co/aKYg6a22Dz,grind fanboys gears sure microsoft light years ahead apple yes arkit great msft iterating hardware along wthe applications many verticals massive advantage aapl plays catchup ars potential becoming obvious,positive,0.5666666666666668,AAPL
2729,1194362240692084736,2019-11-12 21:12:03+00:00,This wasn’t all that long ago... $FB https://t.co/GnZIgsbBNt https://t.co/YoTfGFEQea,wasnt long ago fb,negative,-0.05,FB
2739,1194055999763693568,2019-11-12 00:55:09+00:00,"If you’re looking for a show that dives into #SinglesDay &amp; then goes for the Apple two-fer on card woes &amp; augmented reality, well I mean today’s @MarketFoolery is one way to get there. https://t.co/x3EZdm4sPA $AAPL $BABA https://t.co/yWOsIOhSSK",youre looking show dives singlesday amp goes apple twofer card woes amp augmented reality well mean todays way get aapl baba,negative,-0.3125,AAPL
2744,1193545248632442880,2019-11-10 15:05:36+00:00,@TruthinVA @MotleyFoolMoney @rongross144 @DavidKirkpatric @techonomy We appreciate your listening. We’re an investing show &amp; $FB is one of the most polarizing out there. We aim to give listeners perspective so you can make good investing decisions. “Simply listen to the conference call” carries a level of naïveté that we as analysts won’t rest on.,appreciate listening investing show amp fb polarizing aim give listeners perspective make good investing decisions simply listen conference call carries level naïveté analysts wont rest,positive,0.3083333333333333,FB
2750,1192839713046048768,2019-11-08 16:22:04+00:00,Owning shares of TripAdvisor this earnings season but then remembering you also own shares of Booking Holdings &amp; Alphabet. $TRIP $BKNG $GOOG https://t.co/XtllAA1YZX,owning shares tripadvisor earnings season remembering shares booking holdings amp alphabet trip bkng goog,positive,0.6,GOOGL
2759,1192511675188105217,2019-11-07 18:38:33+00:00,Given the two companies’ growing dominance in streaming it really feels like $AMZN could justify paying a premium for $ROKU today just to outright own the space. So much opportunity internationally w/the value prop in ad-supported streaming. https://t.co/P0PH8sFyB5,given two companies growing dominance streaming really feels like amzn could justify paying premium roku today outright space much opportunity internationally wthe value prop adsupported streaming,positive,0.2,AMZN
2786,1191050618120671233,2019-11-03 17:52:50+00:00,They’d better get it figured out ASAFP. My bet is they will...gotta believe a whole lot of those 37 million devices want access to that bundle &amp; they already have Hulu &amp; ESPN+. $DIS $AMZN https://t.co/rr02EOkZi4,theyd better get figured asafp bet willgotta believe whole lot 37 million devices access bundle amp already hulu amp espn dis amzn,positive,0.35,AMZN
2792,1190280259343724553,2019-11-01 14:51:42+00:00,Apple’s services revenue will outweigh iPhone revenue some day. Just taking a page out of the book of Bezos. $AAPL https://t.co/VIvOQ1q92l,apples services revenue outweigh iphone revenue day taking page book bezos aapl,neutral,0.0,AAPL
2796,1189982302769762304,2019-10-31 19:07:44+00:00,@GrahamCase1 I don’t consider Amazon Handmade a threat anymore. Etsy handled that one quite nicely &amp; that top line growth is a good indicator.,dont consider amazon handmade threat anymore etsy handled quite nicely amp top line growth good indicator,positive,0.6,AMZN
2821,1188939200118382594,2019-10-28 22:02:49+00:00,"Mondays are meant for @MarketFoolery: 

Microsoft’s big win? ✅
Tiffany’s big offer? ✅
Spotify’s big quarter? ✅
Sweet @WidespreadPanic tune rec? ✅
Fiery Halloween candy debate? ✅

Today’s show will get you in the zone. https://t.co/8EkvUEREVK $MSFT $AMZN $TIF $SPOT https://t.co/xQHzLM4jpN",mondays meant microsofts big win tiffanys big offer spotifys big quarter sweet tune rec fiery halloween candy debate todays show get zone msft amzn tif spot,positive,0.22999999999999998,AMZN
2823,1188835206574292993,2019-10-28 15:09:35+00:00,"""So streaming was to Netflix as podcasting is to Spotify.""

Very telling passage in Spotify's call this morning from outgoing CFO Barry McCarthy. Remember McCarthy was CFO at Netflix for several years. $SPOT $NFLX https://t.co/iLqXhtLZqy",streaming netflix podcasting spotify telling passage spotifys call morning outgoing cfo barry mccarthy remember mccarthy cfo netflix several years spot nflx,neutral,0.0,NFLX
2887,1184834482421063681,2019-10-17 14:12:08+00:00,Doesn’t happen overnight but it’s worth knowing at least given the constant capital needs. $NFLX https://t.co/Ih2T0uxNNb,doesnt happen overnight worth knowing least given constant capital needs nflx,neutral,0.0,NFLX
